statNm,zscode,kind,kindDetail,parkingFree,limitYn,limitDetail,chgerType,useTime,lat,lng,count
남원읍 공영주차장,50130,B0,B001,N,N,,06,24시간 이용가능,33.2788767,126.7213139,1
위미의례회관,50130,A0,A004,N,N,,06,24시간 이용가능,33.289615,126.6576261,1
대정감협 인근 공영주차장,50130,B0,B001,N,N,,06,24시간 이용가능,33.2229383,126.2520224,1
퐁낭 작은 도서관 앞 주차장,50130,B0,B001,N,N,,06,24시간 이용가능,33.2553617,126.5720303,1
월드컵경기장 인근 공영주차장,50130,B0,B001,N,N,,06,24시간 이용가능,33.2475057,126.510693,1
중문 관광단지,50130,D0,D007,N,N,,06,24시간 이용가능,33.2462149,126.414261,5
중앙공영주차장(우리은행 서귀포점 인근 공영주차장),50130,B0,B001,N,N,,06,24시간 이용가능,33.249649,126.5623255,1
서귀포성당 뒤 주차장,50130,B0,B001,N,N,,06,24시간 이용가능,33.2436487,126.5628543,1
국토교통부 인재개발원 앞 주차장,50130,B0,B001,N,N,,06,24시간 이용가능,33.2523361,126.5157793,1
천지연폭포주차장,50130,B0,B001,N,N,,06,24시간 이용가능,33.2447051,126.5597817,2
성산읍 공영주차장,50130,B0,B001,N,N,,06,24시간 이용가능,33.4485209,126.9166899,1
성산일출봉 공영주차장,50130,B0,B001,N,N,,06,24시간 이용가능,33.4619365,126.9355814,2
안덕우체국 뒤 주차장,50130,B0,B004,N,N,,06,24시간 이용가능,33.2460981,126.3348886,1
서귀포시 매일시장 공영주차장,50130,B0,B001,N,N,,06,24시간 이용가능,33.2501492,126.5632261,1
표선민속마을 해비치 해변 공영주차장,50130,B0,B001,N,N,,06,24시간 이용가능,33.3248308,126.8424054,5
표선 의례회관 앞 공영주차장,50130,B0,B001,N,N,,06,24시간 이용가능,33.3270822,126.8234354,1
회수사거리 인근 공영주차장,50130,B0,B001,N,N,,06,24시간 이용가능,33.2632286,126.4426783,1
세화민속오일장 인근 주차장,50110,B0,B001,Y,N,,06,24시간 이용가능,33.524856,126.8568472,1
용암해수산업화지원센터,50110,A0,A004,N,N,,06,24시간 이용가능,33.5423831,126.8121624,1
이호동 주민센터,50110,A0,A002,N,N,,06,24시간 이용가능,33.5000077,126.4580641,1
한국폴리텍대학 제주캠퍼스,50110,J0,J001,N,N,,06,24시간 이용가능,33.4469182,126.561226,1
한라수목원,50110,D0,D007,N,N,,06,24시간 이용가능,33.4690818,126.4908317,1
탐라중학교 공영주차장,50110,B0,B001,N,N,,06,24시간 이용가능,33.4914869,126.5442609,1
아라지구 공영주차장,50110,B0,B001,N,N,,06,24시간 이용가능,33.4701598,126.5466775,2
상가리사무소,50110,A0,A002,N,N,,06,24시간 이용가능,33.4497188,126.3457119,1
제주시 민속오일시장 6주차장,50110,B0,B001,Y,N,,06,24시간 이용가능,33.4965694,126.4738058,1
외도구획정리지구 공영주차장,50110,B0,B001,N,N,,06,24시간 이용가능,33.4899205,126.4325935,1
삼성혈 인근 공영주차장,50110,B0,B001,N,N,,06,24시간 이용가능,33.5045526,126.5305231,1
이도주민센터,50110,A0,A002,N,N,,06,24시간 이용가능,33.5068398,126.5271784,1
모로왓 제1 공영주차장,50110,B0,B001,Y,N,,06,24시간 이용가능,33.5103385,126.544115,1
제주시 상하수도본부,50110,A0,A004,N,N,,06,24시간 이용가능,33.4997499,126.6496365,1
하귀1지구 공영주차장,50110,B0,B001,N,N,,06,24시간 이용가능,33.4855867,126.414308,1
한경도서관 앞 주차장,50110,I0,I005,N,N,,06,24시간 이용가능,33.3500436,126.184563,1
한림공원 인근 공영주차장,50110,B0,B001,N,N,,06,24시간 이용가능,33.3904865,126.2380097,1
한림읍체육관 주차장,50110,A0,A004,N,N,,06,24시간 이용가능,33.4092691,126.2695843,3
화북동주민센터,50110,A0,A002,N,N,,06,24시간 이용가능,33.5198336,126.5657078,1
호텔시리우스,50110,E0,E003,Y,N,,06,24시간 이용가능,33.493426,126.490957,1
㈜행운식품,50110,E0,E006,Y,N,,06,24시간 이용가능,33.536916,126.669926,1
봄그리고가을리조트,50130,E0,E003,Y,N,,06,24시간 이용가능,33.474152,126.91107,1
클럽다인리조트,50110,E0,E003,Y,N,,06,24시간 이용가능,33.471151,126.351032,1
롯데마트 제주점,50110,E0,E001,Y,N,,06,10:00~23:00,33.482377,126.481771,1
제주공항,50110,A0,A003,Y,N,,06,24시간 이용가능,33.505395,126.495111,10
성산항 공영주차장,50130,B0,B001,Y,N,,06,24시간 이용가능,33.4726789,126.9322508,6
성산항 공영주차장,50130,B0,B001,Y,N,,04,24시간 이용가능,33.4726789,126.9322508,6
대정문화체육센터,50130,A0,A004,Y,N,,06,24시간 이용가능,33.2637648,126.2359856,3
대정문화체육센터,50130,A0,A004,Y,N,,04,24시간 이용가능,33.2637648,126.2359856,3
남원읍동부보건소,50130,A0,A004,Y,N,,06,24시간 이용가능,33.275783,126.703417,1
돈내코야영장,50130,D0,D007,Y,N,,06,24시간 이용가능,33.300321,126.584802,1
안덕면사무소,50130,A0,A002,Y,N,,06,24시간 이용가능,33.257546,126.330743,4
제주국제컨벤션센터2,50130,D0,D002,Y,N,,06,24시간 이용가능,33.241630,126.425469,1
구좌체육관,50110,A0,A004,Y,N,,06,24시간 이용가능,33.556184,126.76167,1
제주해녀박물관,50110,D0,D002,Y,N,,06,24시간 이용가능,33.523056,126.862851,4
제주노루생태공원,50110,D0,D001,Y,N,,06,07:00~19:00,33.444446,126.62665,1
별빛누리공원,50110,D0,D001,Y,N,,06,24시간 이용가능,33.445028,126.549252,1
조천체육관,50110,A0,A004,Y,N,,06,24시간 이용가능,33.539725,126.643948,2
삼매봉도서관,50130,A0,A004,Y,N,,06,06:00~24:00,33.24446,126.552233,1
제주영어교육도시사무소,50130,A0,A004,Y,N,,06,24시간 이용가능,33.287371,126.281962,1
효돈동주민센터,50130,A0,A002,Y,N,,06,24시간 이용가능,33.26323,126.61563,1
봉개동공영주차장,50110,B0,B001,Y,N,,06,24시간 이용가능,33.490736,126.595291,1
북촌 너븐숭이4.3 기념관,50110,D0,D002,Y,N,,06,24시간 이용가능,33.545812,126.688761,1
제주현대미술관,50110,D0,D002,Y,N,,06,24시간 이용가능,33.338358,126.265658,2
협재해수욕장,50110,D0,D007,Y,N,,06,24시간 이용가능,33.390701,126.237628,1
대륜동주민센터,50130,A0,A002,Y,N,,06,24시간 이용가능,33.24813,126.51153,1
메밀가공시설,50130,D0,D002,N,N,,04,월~금09:00~19:00,33.328104,126.379729,2
제스코 서귀포점,50130,E0,E001,N,N,,04,월~금09:00~19:00,33.262444,126.595899,2
서귀포농업기술센터,50130,A0,A004,N,N,,04,월~금09:00~19:00,33.288054,126.607012,3
서귀포쓰레기위생매립장,50130,A0,A004,Y,N,,06,월~금09:00~19:00,33.307043,126.419086,2
안덕면사무소,50130,A0,A002,Y,N,,04,24시간 이용가능,33.257492,126.330668,4
제주추사관,50130,D0,D009,Y,N,,04,24시간 이용가능,33.249949,126.278264,3
하효마을다목적회관,50130,I0,I006,Y,N,,04,24시간 이용가능,33.258481,126.617699,2
중앙공영주차장,50130,B0,B001,N,N,,04,24시간 이용가능,33.249934,126.562129,2
선흘리 낙선동4.3 유적지,50110,D0,D009,Y,N,,04,24시간 이용가능,33.515459,126.693662,2
애월읍사무소,50110,A0,A002,Y,N,,04,24시간 이용가능,33.462511,126.32973,3
한국교통안전공단제주자동차검사소,50110,A0,A003,N,N,,06,"08:00~13:00(일,공휴일미개방)",33.514325,126.589355,2
제주도립미술관,50110,D0,D002,Y,N,,04,24시간 이용가능,33.453067,126.488257,2
조천읍사무소,50110,A0,A002,Y,N,,04,24시간 이용가능,33.534508,126.634244,3
일출랜드,50130,D0,D007,Y,N,,04,09:00~18:00,33.381622,126.84219,2
제주항일기념관,50110,D0,D002,N,N,,04,"09:00~19:00(토,일 미개방)",33.541106,126.643424,2
양지(추모)공원,50110,D0,D001,N,N,,04,"09:00~19:00(토,일 미개방)",33.43966,126.579013,2
홍로공영주차장,50130,B0,B001,Y,N,,06,24시간 이용가능,33.255903,126.560992,4
홍로공영주차장,50130,B0,B001,Y,N,,04,24시간 이용가능,33.255903,126.560992,4
돌문화공원,50110,D0,D001,Y,N,,06,24시간 이용가능,33.446122,126.664039,3
돌문화공원,50110,D0,D001,Y,N,,04,24시간 이용가능,33.446122,126.664039,3
사려니숲길 주차장,50110,B0,B002,Y,N,,06,24시간 이용가능,33.434197,126.637593,3
사려니숲길 주차장,50110,B0,B002,Y,N,,04,24시간 이용가능,33.434197,126.637593,3
제스코마트,50110,E0,E001,Y,N,,06,24시간 이용가능,33.480929,126.529513,3
제스코마트,50110,E0,E001,Y,N,,04,24시간 이용가능,33.480929,126.529513,3
신화역사공원 조성사업,50130,D0,D001,Y,N,,04,24시간 이용가능,33.29715,126.305416,4
서귀포보건소,50130,I0,I003,Y,N,,04,24시간 이용가능,33.253073,126.555591,1
남원119센터,50130,A0,A001,Y,N,,04,24시간 이용가능,33.281416,126.708647,1
홍로공영주차장,50130,B0,B001,N,N,,04,24시간 이용가능,33.255905,126.560863,4
서귀포시 교통행정과(공영버스 차고지),50130,B0,B001,Y,N,,04,24시간 이용가능,33.284338,126.588341,1
국민건강보험공단 서귀포지사,50130,A0,A003,Y,N,,04,24시간 이용가능,33.254949,126.507328,1
용담1동주민센터,50110,A0,A002,Y,N,,04,24시간 이용가능,33.509217,126.513524,2
라마다프라자제주호텔,50110,E0,E003,Y,N,,04,24시간 이용가능,33.518486,126.518645,1
서귀포항 해운항만과 사무실,50130,G0,G004,Y,N,,04,24시간 이용가능,33.239553,126.564491,2
강정크루즈터미널,50130,G0,G004,Y,N,,04,24시간 이용가능,33.229276,126.477424,2
아시아CGI애니메이션센터,50130,J0,J004,Y,N,,04,24시간 이용가능,33.252386,126.56704,2
한국중부발전㈜ 상명풍력발전소,50110,A0,A003,Y,N,,04,"평일 09:00 ~ 18:00, 주말 및 공휴일 이용불가",33.339766,126.29196,2
한국중부발전㈜ 제주화력본부 사택,50110,A0,A003,Y,N,,04,24시간 이용가능,33.527544,126.592481,2
문화예술진흥원,50110,J0,J004,Y,N,,04,24시간 이용가능,33.505176,126.535477,2
제주특별자치도의회,50110,A0,A001,Y,N,,04,24시간 이용가능,33.489975,126.499794,4
제주농업기술센터,50110,A0,A004,Y,N,,04,24시간 이용가능,33.457922,126.4039,3
김녕119지역센터,50110,A0,A001,Y,N,,04,24시간 이용가능,33.554272,126.76293,2
용암해수산업화지원센터 2호관,50110,A0,A003,Y,N,,04,24시간 이용가능,33.541291,126.816172,2
제주특별자치도교육청,50110,A0,A001,Y,N,,04,24시간 이용가능,33.490464,126.497529,3
동녘도서관,50110,I0,I005,Y,N,,04,24시간 이용가능,33.520768,126.854705,2
비자림,50110,D0,D007,Y,N,,04,24시간 이용가능,33.491586,126.811214,2
월드컵경기장,50130,J0,J007,Y,N,,04,24시간 이용가능,33.246551,126.5071,4
제주4.3평화재단 공원,50110,D0,D001,Y,N,,04,24시간 이용가능,33.450197,126.621615,4
제주국제대학교,50110,J0,J001,Y,N,,04,24시간 이용가능,33.44059,126.572195,4
웅전공영주차장,50110,B0,B001,N,N,,04,24시간 이용가능,33.48271691,126.47184937,4
수덕공영주차장,50110,B0,B001,N,N,,04,24시간 이용가능,33.48346416,126.47424822,2
용두암 공영주차장,50110,B0,B001,N,N,,04,24시간 이용가능,33.51478249,126.51153269,1
제주시 민속오일시장 주차타워,50110,B0,B001,Y,N,,04,24시간 이용가능,33.4963490,126.4764920,2
외도119센터,50110,A0,A003,Y,N,,04,24시간 이용가능,33.486439,126.437740,2
조천도서관,50110,A0,A003,Y,N,,04,24시간 이용가능,33.537823,126.667909,3
한경면(청수리)청수마을회관,50110,A0,A004,Y,N,,04,24시간 이용가능,33.317755,126.247556,2
성읍119지역센터,50130,A0,A004,Y,N,,04,24시간 이용가능,33.3833939,126.7946568,1
신흥2리 리사무소,50130,A0,A004,Y,N,,04,24시간 이용가능,33.32126210,126.7455930,1
영락리사무소,50130,A0,A002,Y,N,,04,24시간 이용가능,33.25824940,126.21086170,1
산양리 다목적회관,50110,A0,A004,Y,N,,04,24시간 이용가능,33.2927,126.2341,1
도로 주차장,50110,B0,B001,Y,N,,04,24시간 이용가능,33.3498,126.3051,1
경제통상진흥원,50110,A0,A004,Y,N,,04,24시간 이용가능,33.49918040,126.54017670,1
한림항 주차장,50110,B0,B001,Y,N,,04,24시간 이용가능,33.4104,126.2584,1
도순마을회관,50130,A0,A004,Y,N,,04,24시간 이용가능,33.2506333,126.4752385,2
성산국민체육센터,50130,A0,A004,Y,N,,04,24시간 이용가능,33.4572661,126.9166502,2
제주감귤농협유통사업단(2유통센터),50130,G0,G004,Y,N,,04,24시간 이용가능,33.31316210,126.74337470,2
하례2리 마을회,50130,A0,A004,Y,N,,04,24시간 이용가능,33.29716000,126.60891920,2
제주동부하수처리장,50110,A0,A004,Y,N,,04,24시간 이용가능,33.56238030,126.77819280,2
항일기념관,50110,D0,D005,Y,N,,04,24시간 이용가능,33.5412329,126.6433159,2
한국산업인력공단 제주지사,50110,A0,A003,Y,N,,04,24시간 이용가능,33.487857,126.5199165,2
서부하수처리장,50110,A0,A003,Y,N,,04,24시간 이용가능,33.3721,126.2080,2
애월국민체육센터,50110,A0,A004,Y,N,,04,24시간 이용가능,33.48546230,126.413714,2
건강쉼터,50110,I0,I003,Y,N,,04,24시간 이용가능,33.3530,126.1858,2
금능해수욕장 주차장,50110,B0,B001,Y,N,,04,24시간 이용가능,33.3908,126.2376,2
소공원 주차장,50110,B0,B002,Y,N,,04,24시간 이용가능,33.4423,126.2896,2
유수암리사무소,50110,A0,A002,Y,N,,04,24시간 이용가능,33.44136770,126.40315580,2
저지 다온빌라 공용주차장,50110,B0,B001,Y,N,,04,24시간 이용가능,33.3376,126.2638,2
제주 청소년수련원 도로변 주차장,50110,B0,B001,Y,N,,04,24시간 이용가능,33.3778,126.2379,2
환경시설관리사무소,50110,A0,A004,Y,N,,04,24시간 이용가능,33.4616109,126.6295205,2
제주특별자치도 농업기술원,50130,A0,A004,Y,N,,04,24시간 이용가능,33.2609,126.4893,4
돈내코유원지 주차장,50130,D0,D007,Y,N,,04,24시간 이용가능,33.3003988,126.5846516,4
한림종합운동장 주차장,50110,A0,A004,Y,N,,04,24시간 이용가능,33.409296,126.269752,4
대륜 공영노외2주차장,50130,B0,B001,Y,N,,04,24시간 이용가능,33.2369029,126.5111702,1
남원 공영노외1주차장,50130,B0,B001,Y,N,,04,24시간 이용가능,33.2799482,126.7185876,3
중문119센터,50130,A0,A003,Y,N,,04,24시간 이용가능,33.252077,126.4222026,1
대정읍 노외4주차장,50130,B0,B004,N,N,,04,24시간 이용가능,33.2234219,126.2541079,2
대정청소년수련관,50130,I0,I007,Y,N,,04,24시간 이용가능,33.2276316,126.2478827,2
효돈동주민센터 앞 주차장,50130,A0,A002,Y,N,,04,24시간 이용가능,33.2628806,126.6152364,2
교래자연휴양림,50110,G0,G002,Y,N,,04,24시간 이용가능,33.440219,126.6674067,3
제주동부경찰서,50110,I0,I004,Y,N,,04,09:00 ~ 18:00,33.5034488,126.5357945,3
서귀포경찰서,50130,I0,I004,Y,N,,04,24시간 이용가능,33.2556126,126.508454,3
돌문화공원관리소,50110,A0,A004,Y,N,,04,24시간 이용가능,33.4460887,126.664233,4
신화역사공원 J지구 공영주차장,50130,B0,B001,Y,N,,04,24시간 이용가능,33.2970261,126.3066414,4
쇠소깍 공영주차장,50130,B0,B001,Y,N,,06,24시간 이용가능,33.2538766,126.6221549,1
제주농업기술원,50130,G0,G004,Y,N,,06,24시간 이용가능,33.2610002,126.4883961,1
성산읍사무소,50130,A0,A002,Y,N,,06,24시간 이용가능,33.4419996,126.9112371,4
표선면사무소,50130,A0,A002,Y,N,,06,24시간 이용가능,33.3262639,126.8306968,1
대정하모3공영주차장,50130,B0,B001,Y,N,,06,24시간 이용가능,33.2239284,126.2526284,1
제주영어교육도시,50130,A0,A003,Y,N,,06,24시간 이용가능,33.2876507,126.2820573,1
산방산,50130,B0,B001,Y,N,,06,24시간 이용가능,33.2361,126.3118493,1
성읍민속마을,50130,D0,D003,Y,N,,06,24시간 이용가능,33.3844385,126.8011319,1
제주월드컵경기장,50130,J0,J007,Y,N,,06,24시간 이용가능,33.2474964,126.5107798,15
무릉문화의집,50130,G0,G004,Y,N,,06,24시간 이용가능,33.2732982,126.1990968,1
제주 곶자왈 도립공원입구,50130,D0,D001,Y,N,,06,24시간 이용가능,33.2829568,126.2742497,1
서귀포예술의전당,50130,J0,J004,Y,N,,06,24시간 이용가능,33.2471316,126.5495447,1
동부소방서,50130,A0,A003,Y,N,,06,24시간 이용가능,33.4600328,126.9100745,2
서귀포농업기술센터,50130,G0,G004,Y,N,,06,24시간 이용가능,33.2873591,126.6074596,3
모구리야영장,50130,G0,G002,Y,N,,06,24시간 이용가능,33.4066824,126.8203714,1
동홍동 주민센터,50130,A0,A002,Y,N,,06,24시간 이용가능,33.2578409,126.5691927,1
영천동 주민센터,50130,A0,A002,Y,N,,06,24시간 이용가능,33.2687052,126.5868363,1
서귀포자치경찰대,50130,I0,I004,Y,N,,06,24시간 이용가능,33.2448285,126.5653964,1
보목하수처리장,50130,G0,G004,Y,N,,06,24시간 이용가능,33.2428212,126.5916114,1
안덕면사무소,50130,A0,A002,Y,N,,06,24시간 이용가능,33.2575828,126.3301517,4
서귀포 자기주도학습지원센터,50130,J0,J002,Y,N,,06,24시간 이용가능,33.2510858,126.570449,1
제주도청 1청사,50110,A0,A001,Y,N,,06,24시간 이용가능,33.4890149,126.4975598,1
제주시청,50110,A0,A001,Y,N,,06,24시간 이용가능,33.500008,126.5314865,6
제주도청 제2청사,50110,A0,A001,Y,N,,06,24시간 이용가능,33.489231,126.5008617,1
구좌읍사무소,50110,A0,A002,Y,N,,06,24시간 이용가능,33.5228017,126.8523917,1
한경면체육관,50110,G0,G004,Y,N,,06,24시간 이용가능,33.3009524,126.184742,1
한라도서관,50110,I0,I005,Y,N,,06,24시간 이용가능,33.476041,126.5147605,2
거문오름,50110,D0,D007,Y,N,,06,24시간 이용가능,33.4549967,126.7116159,1
동백동산습지센터,50110,D0,D001,Y,N,,06,24시간 이용가능,33.5095629,126.7150947,1
어리목휴게소,50110,C0,C002,Y,N,,06,24시간 이용가능,33.3918158,126.494601,1
관음사지구안내소,50110,D0,D006,Y,N,,06,24시간 이용가능,33.4224014,126.550834,1
노형동주민센터,50110,A0,A002,Y,N,,06,24시간 이용가능,33.4832506,126.4773878,1
삼양동주민센터,50110,A0,A002,Y,N,,06,24시간 이용가능,33.5220189,126.5857478,2
녹고뫼안트레안내센터,50110,D0,D006,Y,N,,06,24시간 이용가능,33.4052384,126.4079166,1
외도동 주민센터,50110,A0,A002,Y,N,,06,24시간 이용가능,33.4931406,126.4323614,1
건입동 주민센터,50110,A0,A002,Y,N,,06,24시간 이용가능,33.5149833,126.5314242,1
해군호텔,50110,E0,E003,Y,N,,06,24시간 이용가능,33.4594684,126.4482913,1
제주농업기술센터,50110,G0,G004,Y,N,,06,24시간 이용가능,33.4578616,126.4037977,3
민속자연사박물관,50110,D0,D008,Y,N,,06,24시간 이용가능,33.5064775,126.5301471,1
한라생태숲,50110,D0,D001,Y,N,,06,24시간 이용가능,33.4302234,126.5958506,1
제주특별자치도 인재개발원,50110,A0,A003,Y,N,,06,24시간 이용가능,33.4470542,126.5591788,1
외도부영2차아파트,50110,H0,H001,Y,N,,06,24시간 이용가능,33.4851648,126.4338177,1
교래자연휴양림,50110,D0,D001,Y,N,,06,24시간 이용가능,33.4395856,126.6675249,3
설문대여성문화센터,50110,G0,G004,Y,N,,06,24시간 이용가능,33.4842052,126.5008562,1
봉개동 주민센터,50110,A0,A002,Y,N,,06,24시간 이용가능,33.4915855,126.5949631,1
추자면사무소,50110,A0,A002,Y,N,,06,24시간 이용가능,33.9636935,126.295949,1
자치경찰단,50110,I0,I004,Y,N,,06,24시간 이용가능,33.4848717,126.5440613,1
환경성질환예방관리센터,50110,I0,I003,Y,N,,06,24시간 이용가능,33.486414,126.811116,1
애월도서관,50110,I0,I005,Y,N,,06,24시간 이용가능,33.4631236,126.3312309,1
제주현대미술관,50110,D0,D002,Y,N,,06,24시간 이용가능,33.3397361,126.2657106,2
신천지아파트,50110,H0,H001,Y,N,,06,24시간 이용가능,33.5049508,126.5439029,1
서귀포천지연폭포,50130,D0,D007,N,N,,06,09:00~18:00,33.2447447,126.5597544,1
도남1차e편한세상아파트,50110,H0,H001,Y,N,,06,24시간 이용가능,33.4949748,126.5226164,1
만장굴,50110,D0,D007,N,N,,06,09:00~18:00,33.5291,126.7714308,1
제주종합경기장2,50110,A0,A004,N,N,,06,24시간 이용가능,33.4949885,126.5189264,1
블루렌트카 제주도,50110,H0,H003,Y,N,상황에 따라 변동,04,24시간 이용가능,33.5041002,126.5014242,5
보타리에너지,50110,H0,H003,Y,N,,06,24시간 이용가능,33.40864,126.317386,1
보타리에너지(오름재),50110,H0,H003,Y,N,,05,24시간 이용가능,33.398486,126.326259,1
포레스트사파리,50110,D0,D007,Y,N,,05,24시간 이용가능,33.463075,126.70884,2
유수암주유소,50110,E0,E007,Y,N,,05,24시간 이용가능,33.427569,126.410881,1
그리스박물관,50110,D0,D008,Y,N,,05,24시간 이용가능,33.347946,126.356832,1
CU김녕교차로점,50110,E0,E001,Y,N,,06,24시간 이용가능,33.551221,126.7438,1
금악주유소,50110,E0,E007,Y,N,,06,24시간 이용가능,33.3533358,126.2983901,1
제주담,50110,E0,E006,Y,N,,06,24시간 이용가능,33.4511076,126.7680259,1
와흘을그리다,50110,E0,E005,Y,N,,06,24시간 이용가능,33.4625262,126.6603667,1
마마뜰카페,50130,E0,E005,Y,N,,06,24시간 이용가능,33.3099807,126.3337272,1
한앤솜하우스,50110,E0,E005,Y,N,,06,24시간 이용가능,33.4755212,126.4771929,1
산방산나들목,50130,E0,E006,Y,N,,06,24시간 이용가능,33.2302827,126.3081339,1
제주다와풀빌라,50130,E0,E003,Y,N,,06,24시간 이용가능,33.2423297,126.3681386,1
스놉부티쿠스테이,50130,E0,E003,Y,N,,06,24시간 이용가능,33.2332187,126.3694299,1
파파빌레,50110,E0,E006,Y,N,,06,24시간 이용가능,33.4604749,126.6611223,1
제이이피,50130,E0,E003,Y,N,,06,24시간 이용가능,33.242671,126.535552,1
농업회사법인경덕,50110,D0,D007,Y,N,,06,24시간 이용가능,33.4869322,126.7060525,1
도치돌,50110,E0,E006,Y,N,,06,24시간 이용가능,33.4198248,126.339179,1
동광메밀짬뽕,50130,E0,E006,Y,N,,06,24시간 이용가능,33.3105483,126.3498084,1
대평회센터,50130,E0,E006,Y,N,,06,24시간 이용가능,33.2376824,126.3620591,1
달스테이,50110,E0,E003,Y,N,,06,24시간 이용가능,33.4568869,126.4078767,1
돈내코순두부한림점,50110,E0,E006,Y,N,,06,24시간 이용가능,33.4097051,126.2824973,2
어박사,50110,E0,E006,Y,N,,06,24시간 이용가능,33.4078298,126.257976,2
선래왓,50110,I0,I002,Y,N,,06,24시간 이용가능,33.4582425,126.7086636,1
제주갤럭시호텔,50110,E0,E003,Y,N,,06,24시간 이용가능,33.5031006,126.5124982,1
스퀘어오션타운,50110,H0,H002,Y,N,,05,24시간 이용가능,33.546511,126.65222,2
라온랜드,50110,D0,D007,Y,N,,05,24시간 이용가능,33.355585,126.242011,2
장촌한우마을,50110,E0,E006,Y,N,,05,24시간 이용가능,33.420124,126.338883,1
도노미 한샘영농조합법인,50110,E0,E001,Y,N,,05,24시간 이용가능,33.4295861,126.313339,1
제주코,50110,E0,E006,Y,N,,05,24시간 이용가능,33.372684,126.284578,1
만복흑돼지,50130,E0,E006,Y,N,,05,24시간 이용가능,33.243512,126.327026,1
아만토브펜션,50130,E0,E003,Y,N,,05,24시간 이용가능,33.235836,126.370619,1
캐릭파크,50110,D0,D002,Y,N,,05,24시간 이용가능,33.479712,126.700689,2
과수원피스,50110,E0,E005,Y,N,,05,24시간 이용가능,33.385369,126.227464,1
교래아름가든,50110,E0,E006,Y,N,,05,24시간 이용가능,33.435612,126.678779,1
구구토종닭,50110,E0,E006,Y,N,,05,24시간 이용가능,33.425421,126.674423,1
관통사,50130,I0,I002,Y,N,,05,24시간 이용가능,33.326648,126.826629,1
꽃머채,50110,E0,E003,Y,N,,05,24시간 이용가능,33.418527,126.376817,1
제주안전체험관,50110,D0,D007,Y,N,,05,24시간 이용가능,33.394694,126.372333,2
음부리카페,50110,E0,E005,Y,N,,05,24시간 이용가능,33.352121,126.257607,1
창고내음식점,50130,E0,E006,Y,N,,05,24시간 이용가능,33.267362,126.369285,1
창천리복지회관,50130,A0,A004,Y,N,,05,24시간 이용가능,33.265612,126.368564,1
대자연가든,50110,E0,E006,Y,N,,05,24시간 이용가능,33.5397877,126.675138,1
애월스테이인제주,50110,E0,E003,Y,N,,05,24시간 이용가능,33.4833534,126.3771455,2
애월스테이인제주,50110,E0,E003,Y,N,,04,24시간 이용가능,33.4833534,126.3771455,2
금악정육식당,50110,E0,E006,Y,N,,05,24시간 이용가능,33.3589495,126.2942221,1
한림교회,50110,I0,I002,Y,N,,05,24시간 이용가능,33.4159133,126.2672042,1
성결교회,50130,I0,I002,Y,N,,05,24시간 이용가능,33.2613446,126.5357252,1
자유렌트카,50110,H0,H003,Y,N,,05,24시간 이용가능,33.4981199,126.478865,3
홍대감더덕토종닭,50110,E0,E006,Y,N,,05,24시간 이용가능,33.4671298,126.7735825,1
오픈박스,50110,E0,E001,Y,N,,05,24시간 이용가능,33.5047894,126.5602451,1
벙커하우스,50130,E0,E005,Y,N,,05,24시간 이용가능,33.2405751,126.5191839,1
JDC 리슈빌,50110,B0,B004,Y,N,,05,24시간 이용가능,33.457517,126.5741186,2
JDC 행복주택,50110,B0,B004,Y,N,,05,24시간 이용가능,33.4587486,126.5735796,1
곶자왈칼국수,50110,E0,E006,Y,N,,05,24시간 이용가능,33.4347049,126.6761663,1
메리언 골프장,50110,E0,E004,Y,N,,05,24시간 이용가능,33.4792052,126.4575435,1
YES렌트카,50110,G0,G004,Y,N,,06,24시간 이용가능,33.799874,126.478520,5
YES렌트카,50110,G0,G004,Y,N,,05,24시간 이용가능,33.799874,126.478520,5
교래퐁낭GS,50110,G0,G004,Y,N,,05,24시간 이용가능,33.426106,126.674145,1
성미가든,50110,E0,E006,Y,N,,04,24시간 이용가능,33.437844,126.677031,1
제주 레일파크,50110,D0,D007,Y,N,,05,24시간 이용가능,33.4645856,126.8369222,1
EGON 카페,50130,E0,E005,Y,N,,06,24시간 이용가능,33.439907,126.9182637,1
나모나모카페,50110,E0,E005,Y,N,,06,24시간 이용가능,33.508925827,126.47195921,1
모켄리조트,50110,E0,E003,Y,N,,06,24시간 이용가능,33.304622147,126.18131788,1
상명문화공간,50110,I0,I006,N,N,,06,24시간 이용가능,33.358065531,126.27423310,2
수목원 YJ빌딩,50110,B0,B004,Y,N,,06,24시간 이용가능,33.469874622,126.48464880,3
칠삭갈비,50110,E0,E006,Y,N,,06,24시간 이용가능,33.491621673,126.55046422,1
콩창고,50110,E0,E006,Y,N,,06,24시간 이용가능,33.403940755,126.26382824,1
티라호텔,50130,E0,E003,Y,N,,06,24시간 이용가능,33.442597268,126.91851143,2
한림수협,50110,I0,I008,Y,N,,06,24시간 이용가능,33.412686443,126.25996609,2
휴안스테이호텔,50130,E0,E003,Y,N,,06,24시간 이용가능,33.463099742,126.93367190,1
제주첨단과학단지(엘리트빌딩),50110,A0,A003,N,N,,06,24시간 이용가능,33.452903,126.572552,1
제주첨단과학단지(스마트빌딩),50110,A0,A003,N,N,,06,24시간 이용가능,33.4537316548,126.572534802,1
제주첨단과학단지(세미양빌딩),50110,A0,A003,N,N,,06,24시간 이용가능,33.4423379999,126.57145,1
제주 에코그린리조트,50110,E0,E003,Y,N,,06,24시간 이용가능,33.435572,126.291692,1
CU 성산일주동로점,50130,E0,E001,Y,N,,06,24시간 이용가능,33.373190000000,126.8706409999,1
여울목펜션,50130,E0,E003,Y,N,,06,24시간 이용가능,33.369614000000,126.8660499999,1
가시리 유채꽃길 펜션,50130,E0,E003,Y,N,,06,24시간 이용가능,33.363936000000,126.7625289999,1
CU편의점 서귀덕수점,50130,E0,E001,Y,N,,06,24시간 이용가능,33.250867135,126.30334014,1
호텔서귀피안,50130,E0,E003,Y,N,,06,09:00~18:00,33.244354660,126.59072985,1
성산보말죽칼국수,50130,E0,E006,Y,N,,06,24시간 이용가능,33.471683542,126.91689879,1
아우디 제주전시장,50110,F0,F001,Y,N,,04,09:00~18:00,33.493643000,126.5042229,1
레몬비 편의점 애월점,50110,E0,E001,Y,N,,06,24시간 이용가능,33.488749089,126.38904817,1
현대자동차 하이차저 서귀포지점,50130,G0,G004,Y,Y,시설 상황에 따라 이용이 제한될 수 있음,04,09:00~18:00,33.25317,126.537721,1
현대자동차 하이차저10 연북로지점,50110,F0,F001,Y,Y,시설 상황에 따라 이용이 제한될 수 있음,04,24시간 이용가능,33.480922,126.529804,1
허브동산,50130,D0,D007,Y,N,,04,24시간 이용가능,33.3305218,126.81650438,2
이도노브힐 3차,50110,H0,H001,Y,Y,거주자외 출입이 제한될 수 있음.,06,24시간 이용가능,33.495865,126.54969099,1
호텔 앤 리조트 담모라,50130,E0,E003,Y,N,,04,24시간 이용가능,33.249696999,126.30596300,2
캔디원,50110,G0,G004,Y,N,,04,09:00~18:00,33.47128500,126.70770500,2
한라축산 정육식당,50110,E0,E006,Y,N,,04,24시간 이용가능,33.465868,126.48555799,2
석부작박물관(숨도),50130,D0,D008,Y,Y,시설 상황에 따라 이용이 제한될 수 있음,04,24시간 이용가능(시설상황에 따라 이용제한가능),33.250448,126.536555,2
파더스가든,50130,D0,D007,Y,N,,04,24시간 이용가능,33.280498999,126.36543000,4
신창어촌계(싱계물공원),50110,H0,H003,Y,N,,04,24시간 이용가능,33.343102999,126.17211299,2
유니호텔,50110,E0,E003,Y,N,,04,24시간 이용가능(시설상황에 따라 이용제한가능),33.479476999,126.37345600,4
렉서스 제주 전시장,50110,F0,F001,Y,N,,05,09:00~18:00,33.494643,126.465171,4
레드서브마린,50110,E0,E005,Y,N,,04,24시간 이용가능,33.440676,126.27710399,2
일출식자재마트,50130,E0,E001,Y,N,,04,24시간 이용가능,33.445539000,126.91788199,2
한국농어촌공사 제주지역본부,50110,A0,A003,Y,N,,04,09:00~18:00,33.522557000,126.58718800,4
CU제주교래점,50110,E0,E001,Y,N,,06,24시간 이용가능,33.436261000,126.67904099,1
Y리조트제주,50130,E0,E003,Y,N,,06,24시간 이용가능,33.2425596,126.3284289,1
물메문화복지센터,50110,A0,A004,Y,N,,06,24시간 이용가능,33.467447079,126.39335379,1
한림리조트,50110,E0,E003,Y,N,,04,24시간 이용가능,33.389584658,126.24880351,4
서제주시장 PLAY1045,50130,E0,E001,Y,N,,04,24시간 이용가능,33.302247000,126.33771000,4
태백산 제주본점,50110,E0,E006,Y,N,,04,11:30~22:00,33.494754000,126.46719799,2
포시즌프렌즈스크린 용담오라점,50110,E0,E004,Y,N,,04,24시간 이용가능,33.501864,126.508584,2
로봇스퀘어,50110,D0,D002,Y,N,,04,24시간 이용가능,33.540340442,126.83082824,4
제주경찰청 신청사,50110,A0,A001,Y,N,,06,09:00~18:00,33.467924000,126.48144699,2
노바운더리제주,50130,E0,E005,Y,N,,04,24시간 이용가능,33.4013783,126.784238,2
목장카페 밭디,50130,E0,E005,Y,N,,04,24시간 이용가능,33.408451203,126.77277596,4
채비스테이천우모터스,50110,E0,E001,Y,N,,04,24시간 이용가능,33.5118762,126.5670278,5
제주 감귤농장 (급),50130,D0,D004,Y,N,,05,24시간 이용가능,33.2899522,126.693456,2
제주 박물관은 살아있다 (급),50130,D0,D008,Y,N,,05,24시간 이용가능,33.2549201,126.4116093,2
제주서부집배센터(롯데글로벌로지스) 급속충전소,50110,G0,G004,Y,N,시설 상황에 따라 이용이 제한될 수 있음,04,24시간 이용가능,33.492831215,126.44401282,2
카페더라이트,50130,E0,E005,Y,N,외부인 사용불가,06,24시간 이용가능,33.466182984017,126.9359147434,1
무수천주유소,50110,E0,E007,Y,N,,04,24시간 이용가능,33.463228,126.452021,7
무수천주유소,50110,E0,E007,Y,N,,05,24시간 이용가능,33.463228,126.452021,7
중문관광단지충전소,50130,E0,E007,Y,N,,05,24시간 이용가능,33.262971,126.398324,2
제주혁신도시주유소,50130,E0,E007,Y,N,,04,24시간 이용가능,33.248180,126.516228,2
노을코지(제주),50110,E0,E007,Y,N,,04,24시간 이용가능,33.5129139,126.4846298,2
토비스콘도(제주),50110,E0,E007,Y,N,,04,24시간 이용가능,33.4630468,126.3099424,2
거북이주유소,50110,E0,E007,Y,N,,04,24시간 이용가능,33.4989553,126.502799,2
삼남주유소,50110,E0,E007,Y,N,,04,24시간 이용가능,33.5052029,126.514085,2
평화로주유소,50110,E0,E007,Y,N,,04,24시간 이용가능,33.4712869,126.4610365,2
제주 새빌 E-pit,50110,E0,E005,Y,N,어댑터 사용 불가,04,24시간 이용가능,33.3612831,126.3639863,6
제주 하귀하나로마트 E-pit,50110,E0,E001,Y,N,어댑터 사용 불가,04,24시간 이용가능,33.4847516,126.4104991,4
제주 동쪽송당 E-pit,50110,D0,D001,Y,N,어댑터 사용 불가,04,24시간 이용가능,33.436968259,126.73270712,6
제주 연북로지점,50110,G0,G004,Y,N,,04,24시간 이용가능,33.48039,126.52914,1
제주 서귀포지점,50130,G0,G004,Y,N,,04,24시간 이용가능,33.25297,126.54189,1
GS25 너울빌리지점,50110,E0,E001,N,N,,06,24시간 이용가능,33.3628047,126.1933057,1
현대자동차 블루핸즈 노형북부점,50110,F0,F001,N,N,,06,24시간 이용가능,33.4854929,126.4654341,1
현대자동차 블루핸즈 한림점,50110,F0,F001,N,N,,06,24시간 이용가능,33.435865,126.277641,1
GS25 안덕서광점,50130,E0,E001,N,N,,06,24시간 이용가능,33.2892419,126.3220016,1
제주지방합동청사,50110,A0,A003,Y,N,,06,24시간 이용가능,33.4908611,126.5248524,1
형제공업사,50110,F0,F002,Y,N,,06,24시간 이용가능,33.491718,126.423656,1
탑동2공영주차장,50110,B0,B001,N,Y,시설 상황에 따라 이용이 제한될 수 있음,06,24시간 이용가능,33.5183217,126.5197945,1
제주대학교 병원,50110,I0,I001,N,N,,06,24시간 이용가능,33.4671206,126.5454466,2
제주대학교 병원,50110,I0,I001,N,N,,05,24시간 이용가능,33.4671206,126.5454466,2
하귀농협 장례식장,50110,G0,G004,N,Y,시설 상황에 따라 이용이 제한될 수 있음,06,24시간 이용가능,33.4731331,126.4267375,1
애월농협 하나로마트,50110,E0,E001,N,N,,06,24시간 이용가능,33.4601535,126.3219983,3
하귀농협 복지센터,50110,G0,G004,N,N,,06,24시간 이용가능,33.4812569,126.4004138,1
한국충전본사,50110,G0,G004,Y,N,,06,24시간 이용가능,33.4938748,126.4990527,2
한국충전본사,50110,G0,G004,Y,N,,05,24시간 이용가능,33.4938748,126.4990527,2
기아오토큐 오라대리점,50110,F0,F001,N,N,,06,24시간 이용가능,33.4928898,126.5046644,1
롯데리아 제주외도 DT,50110,E0,E006,Y,N,시설 상황에 따라 이용이 제한될 수 있음,04,24시간 이용가능,33.4932128,126.4307026,1
제주공항 입구주차장,50110,B0,B004,N,N,,06,24시간 이용가능,33.5030755,126.4958523,1
일도이동공영주차장,50110,B0,B001,N,N,,06,24시간 이용가능,33.5106021,126.5441736,1
조천농협 농산물산지유통센터,50110,G0,G004,N,N,,06,24시간 이용가능,33.5312277,126.6221792,1
한경농협 하나로마트,50110,E0,E001,N,N,,05,24시간 이용가능,33.3466280,126.1904132,2
기아오토큐 화북대리점,50110,F0,F001,N,N,,06,24시간 이용가능,33.5118171,126.5492132,1
KT 성산포지사,50130,G0,G004,N,N,,06,24시간 이용가능,33.4467743,126.9116569,1
위미농협 하나로마트,50130,E0,E001,N,N,시설 상황에 따라 이용이 제한될 수 있음,04,24시간 이용가능,33.2745963,126.6609490,1
약천사,50130,G0,G004,N,N,,06,24시간 이용가능,33.2437120,126.4505592,2
코리아마트,50130,E0,E001,N,N,,04,24시간 이용가능,33.2523,126.5701,1
대유랜드,,D0,D007,N,N,시설 상황에 따라 이용이 제한될 수 있음,04,24시간 이용가능,33.2770643,126.3943994,1
㈜상효원,50130,D0,D007,N,N,,06,24시간 이용가능,33.3067241,126.5852071,1
롯데호텔 제주,50130,E0,E003,N,N,시설 상황에 따라 이용이 제한될 수 있음,04,24시간 이용가능,33.2483165,126.4105331,1
천지공영주차빌딩,,B0,B004,N,N,시설 상황에 따라 이용이 제한될 수 있음,04,24시간 이용가능,33.2516116,126.5593240,1
서귀포매일올레시장,50130,G0,G004,Y,N,,06,24시간 이용가능,33.2501376,126.5632238,1
성산일출봉,50130,D0,D007,N,N,,06,24시간 이용가능,33.4620951,126.9352535,2
성산일출봉,50130,D0,D007,N,Y,시설 상황에 따라 이용이 제한될 수 있음,05,24시간 이용가능,33.4620951,126.9352535,2
동광 R 주차장,,B0,B004,N,N,시설 상황에 따라 이용이 제한될 수 있음,04,24시간 이용가능,33.3109162,126.3415812,1
안덕농협 하나로마트,50130,G0,G004,N,N,,06,24시간 이용가능,33.2466545,126.3333251,1
서귀포시축협 흑한우명품관,50130,G0,G004,N,N,,06,24시간 이용가능,33.2567312,126.5884001,1
성읍랜드,50130,D0,D007,N,N,,06,24시간 이용가능,33.3983477,126.7873630,1
표선농협 하나로마트,50130,G0,G004,N,N,,06,24시간 이용가능,33.3248216,126.8318730,1
GS25 서귀대포점,50130,G0,G004,N,N,,05,24시간 이용가능,33.239222,126.436367,1
롯데하이마트 서귀포점,50130,G0,G004,N,N,,06,24시간 이용가능,33.253970,126.566184,1
GS25 중문사거리점,50130,E0,E001,N,Y,"마트(쇼핑몰) 이용자, 상가 입주자로 사용 제한",06,24시간 이용가능,33.258262,126.427021,1
함덕농협 하나로마트,50110,G0,G004,N,N,,06,24시간 이용가능,33.537240,126.674526,1
제주시농협 하나로마트 제주점,,G0,G004,N,N,시설 상황에 따라 이용이 제한될 수 있음,04,24시간 이용가능,33.505000,126.552192,1
제주대학교 학생주차장,50110,A0,A003,N,N,,06,24시간 이용가능,33.459019,126.562919,1
아모렉스 리조트,50110,G0,G004,N,N,,06,24시간 이용가능,33.507822,126.471156,1
남원농협 하나로마트,,G0,G004,N,N,,04,24시간 이용가능,33.284398,126.721738,2
제주시농협 하나로유통센터,50110,G0,G004,N,N,,06,24시간 이용가능,33.487704,126.468048,1
넥슨박물관,50110,D0,D007,N,N,,06,24시간 이용가능,33.47211112,126.485569,1
NH농협은행 제주수련원,50130,G0,G004,N,N,시설 상황에 따라 이용이 제한될 수 있음,04,24시간 이용가능,33.306599,126.795135,1
잠도둑 게스트하우스,50130,E0,E003,N,Y,숙박 시설 이용자로 제한,06,24시간 이용가능,33.359165,126.864525,1
제주바다목장,50110,E0,E003,N,N,,06,24시간 이용가능,33.346069,126.17936,1
다이아나호텔,50110,E0,E003,N,N,,06,24시간 이용가능,33.517825,126.539631,1
제주필하우스,50110,E0,E003,N,N,,06,24시간 이용가능,33.544817,126.686404,1
선반내주유소,50130,E0,E007,Y,N,,06,24시간 이용가능,33.25298812,126.550970,1
GS25 성산오조점,50130,E0,E001,Y,N,,06,24시간 이용가능,33.468888,126.921772,1
GS25 제주한경점,50110,E0,E001,Y,N,,06,24시간 이용가능,33.331176,126.256057,1
GS25 제주대흘점,50110,E0,E001,Y,N,,06,24시간 이용가능,33.497733,126.659132,1
헬로키티아일랜드,50130,D0,D002,Y,N,,05,24시간 이용가능,33.288597,126.352664,2
피규어뮤지엄,50130,D0,D008,Y,N,,05,24시간 이용가능,33.28164,126.355941,1
세븐일레븐 서귀포덕수점,50130,E0,E001,Y,N,,05,24시간 이용가능,33.258892,126.304256,1
카멜리아힐 주차장,50130,D0,D007,Y,N,,06,24시간 이용가능,33.290328,126.367918,2
기아자동차 제주서비스센터,50110,F0,F001,Y,Y,기아 고객 외 이용 제한,04,08:30 ~ 17:30,33.51379,126.561714,1
다이소 제주세화점,50110,E0,E001,Y,N,,04,24시간 이용가능,33.52233,126.85303,1
오션블루,50110,D0,D007,Y,N,,05,24시간 이용가능,33.519036,126.493537,1
세븐일레븐 한림센터점,50110,E0,E001,Y,N,,05,24시간 이용가능,33.408922,126.260246,1
농협 하나로마트 노형점,50110,E0,E001,Y,N,,04,24시간 이용가능,33.4877,126.468,1
제주도 바우네 나주곰탕 애월점,50110,E0,E006,Y,N,,06,24시간 이용가능,33.42456462,126.40915821,1
제주_파르나스호텔,50130,G0,G004,N,N,,06,24시간 이용가능,33.24564887,126.40564625,21
한화리조트 제주,50110,E0,E003,Y,N,,04,24시간 이용가능,33.4482028,126.6384019,2
해비치CC제주,50130,E0,E004,Y,Y,"시설 상황에 따라 이용이 제한될 수 있음, 방문자외 출입제한",04,24시간 이용가능,33.21,126.43,1
신재생에너지홍보관,50110,G0,H001,Y,N,,06,24시간 이용가능,33.560081,126.818556,7
신재생에너지홍보관,50110,G0,H001,Y,N,,04,24시간 이용가능,33.560081,126.818556,7
신재생에너지홍보관,50110,G0,H001,Y,N,,01,24시간 이용가능,33.560081,126.818556,7
제주특별자치도청,50110,A0,A001,Y,N,,06,24시간 이용가능,33.489498,126.498488,6
제주특별자치도의회,50110,A0,A001,Y,N,,06,24시간 이용가능,33.490102,126.49977,4
제주시청,50110,A0,A001,Y,N,,06,24시간 이용가능,33.500107,126.531568,6
서귀포시청,50130,A0,A001,Y,N,,06,24시간 이용가능,33.253731,126.560177,2
제주시 평생학습센터,50110,A0,A003,Y,N,,06,24시간 이용가능,33.514327,126.547598,1
한경면사무소,50110,A0,A002,Y,N,,06,24시간 이용가능,33.349999,126.183983,1
조천읍사무소,50110,A0,A002,Y,N,,06,24시간 이용가능,33.534577,126.63403,3
축산진흥원,50110,A0,A003,Y,N,,06,24시간 이용가능,33.4463680,126.4861130,1
아라동사무소,50110,A0,A002,Y,N,,06,24시간 이용가능,33.4763042,126.5449827,1
남원읍사무소,50130,A0,A002,Y,N,,06,24시간 이용가능,33.279806,126.720472,2
용담2동 주민센터,50110,A0,A002,Y,N,,06,24시간 이용가능,33.5114920,126.5116630,1
제주동물위생연구소,50110,A0,A003,Y,N,,06,24시간 이용가능,33.475663,126.638156,2
제주시 보건소,50110,A0,A003,Y,N,,06,24시간 이용가능,33.491978,126.519968,2
양지공원,50110,D0,D001,Y,N,,06,24시간 이용가능,33.440365,126.580201,1
제주4·3평화공원,50110,D0,D001,Y,N,,06,24시간 이용가능,33.450701,126.62133,1
제주세계자연유산센터,50110,A0,A003,Y,N,,06,24시간 이용가능,33.454997,126.711535,3
제주절물자연휴양림,50110,D0,D001,Y,N,,06,24시간 이용가능,33.440097,126.629759,1
제주벤처마루,50110,G0,G004,Y,N,,06,24시간 이용가능,33.500631,126.530415,1
제주하수처리장,50110,A0,A004,Y,N,,06,07시~19시,33.507502,126.477086,1
삼양동주민센터,50110,A0,A002,Y,N,,06,24시간 이용가능,33.521759,126.585746,2
서귀포 예술의전당,50130,J0,J004,Y,N,,06,24시간 이용가능,33.245276,126.551742,1
애월체육관,50110,A0,A004,Y,N,,06,24시간 이용가능,33.46286,126.332481,1
한라수목원(자연생태학습관),50110,D0,D001,Y,N,,06,24시간 이용가능,33.4690818,126.49134908317,1
오라동주민센터,50110,A0,A002,Y,N,,06,24시간 이용가능,33.495095,126.511678,1
제주아트센터,,A0,A004,Y,N,시설 상황에 따라 이용이 제한될 수 있음,06,24시간 이용가능,33.475516,126.514535,5
우도면사무소,50110,A0,A002,Y,N,,06,24시간 이용가능,33.506111,126.953424,1
제주도 상하수도본부,50110,A0,A004,Y,N,,06,24시간 이용가능,33.499618,126.650290,1
한림읍사무소,50110,A0,A002,Y,N,,06,24시간 이용가능,33.410604,126.267094,3
서부보건소,50130,A0,A003,Y,N,,06,24시간 이용가능,33.218972,126.253438,1
성산보건지소,50130,A0,A003,Y,N,,06,24시간 이용가능,33.447217,126.915426,2
인재개발원,50110,A0,A004,Y,N,,06,24시간 이용가능,33.446691,126.559766,2
서귀포 소방서,50130,A0,A003,Y,N,,06,24시간 이용가능,33.2495638,126.514096,2
중문동주민센터,50130,A0,A004,Y,N,,06,24시간 이용가능,33.253374,126.433615,1
성산읍노인복지회관,50130,A0,A004,Y,N,,06,24시간 이용가능,33.448609,126.906512,2
근로자종합복지관 주차장,50110,B0,B001,Y,N,,06,24시간 이용가능,33.469694,126.486227,2
노형제1공영주차장,50110,B0,B001,N,N,,06,24시간 이용가능,33.485890,126.477147,2
아라지구 공영주차장,50110,B0,B001,Y,N,,06,24시간 이용가능,33.473644,126.544659,2
일도삼주아파트,50110,H0,H001,Y,N,,06,24시간 이용가능,33.503724,126.543192,1
이도이동 복층화 공영주차장,50110,B0,B001,N,N,,06,24시간 이용가능,33.496804,126.534987,2
성산읍사무소,50130,A0,A002,Y,N,,06,24시간 이용가능,33.442122,126.911023,4
혼인지,50130,D0,D007,Y,N,,06,24시간 이용가능,33.414971,126.894093,2
제주항 여객터미널,50110,A0,A004,N,N,,06,24시간 이용가능,33.519427,126.534479,2
도청 제2청사 후문주차장,50110,A0,A001,N,N,,06,24시간 이용가능,33.488284,126.50001088,2
구좌읍주민센터,50110,A0,A002,Y,N,,06,24시간 이용가능,33.522559,126.852085,3
동부경찰서,50110,A0,A003,Y,N,,06,24시간 이용가능,33.503049,126.536066,2
제주학생문화원,50110,A0,A004,Y,N,,06,24시간 이용가능,33.500975,126.541059,1
정방동공영주차장,50130,B0,B001,N,N,,06,24시간 이용가능,33.247842,126.565355,3
송악산공영주차장,50130,B0,B001,Y,N,,06,24시간 이용가능,33.206038,126.288949,2
서귀포 제2청사,50130,A0,A001,N,N,,06,24시간 이용가능,33.255631,126.510596,2
신산청소년문화의집,50130,A0,A004,Y,N,,06,24시간 이용가능,33.381135,126.877353,1
외도동 공영주차장,50110,B0,B001,Y,N,,06,24시간 이용가능,33.487676,126.429739,1
동홍아파트 5단지,50130,H0,H001,Y,N,,06,24시간 이용가능,33.26560451,126.56184527,4
노형 부영아파트 1단지,50110,H0,H001,Y,N,,06,미개방,33.4801071,126.48504634,2
탐라도서관,50110,A0,A004,Y,N,,06,24시간 이용가능,33.479063,126.477324,3
제주특별자치도교육청,50110,A0,A004,Y,N,,06,24시간 이용가능,33.490450,126.497622,3
걸매축구장,50130,A0,A004,Y,N,,06,24시간 이용가능,33.249188,126.554328,2
고용복지플러스센터,50110,A0,A004,Y,N,,06,24시간 이용가능,33.504284,126.527160,1
남원생활체육관,50130,A0,A004,Y,N,,06,24시간 이용가능,33.278057,126.704457,3
대륜동 문화복지센터,50130,A0,A004,Y,N,,06,24시간 이용가능,33.250293,126.513312,1
도장애인종합복지관,50110,A0,A004,Y,N,,06,24시간 이용가능,33.452592,126.552784,1
동부종합사회복지관,50130,A0,A004,Y,N,,06,24시간 이용가능,33.446705,126.913277,2
동제주종합사회복지관,50110,A0,A004,Y,N,,06,24시간 이용가능,33.523096,126.848905,1
서귀포 테니스장,50130,A0,A004,Y,N,,06,24시간 이용가능,33.257842,126.563831,2
강정보건지소,50130,A0,A004,Y,N,,06,24시간 이용가능,33.237210,126.477758,1
서귀포시서부종합사회복지관,50130,A0,A004,Y,N,,06,24시간 이용가능,33.223843,126.247828,2
서귀포시장애인종합사회복지관,50130,A0,A004,Y,N,,06,24시간 이용가능,33.286786,126.584595,1
소망요양원,50110,A0,A004,Y,N,,06,24시간 이용가능,33.547932,126.731643,1
자광원,50130,A0,A004,Y,N,,06,24시간 이용가능,33.247151,126.448444,1
정방동문화의집,50130,A0,A004,Y,N,,06,24시간 이용가능,33.246493,126.570366,1
제주공천포전지훈련센터,50130,A0,A004,Y,N,,06,24시간 이용가능,33.277305,126.641340,2
제주도농아복지관,50110,A0,A004,Y,N,,06,24시간 이용가능,33.484888,126.425712,2
제주영상미디어센터,50110,G0,G004,Y,N,,06,24시간 이용가능,33.506054,126.534899,2
제주시각장애인복지관,50110,I0,I006,Y,N,,06,24시간 이용가능,33.471126,126.581254,1
제주애덕의집,50110,A0,A004,Y,N,,06,24시간 이용가능,33.490723,126.558174,1
제주양로원,50110,A0,A004,Y,N,,06,24시간 이용가능,33.473745,126.448205,1
제주월드컵경기장,50130,A0,A004,Y,N,,06,24시간 이용가능,33.246861,126.507135,15
제주추사관,50130,A0,A004,Y,N,,06,24시간 이용가능,33.250079,126.279088,3
제주춘강의원,50110,A0,A004,Y,N,,06,24시간 이용가능,33.493687,126.501710,1
조천체육관,50110,A0,A004,Y,N,,06,24시간 이용가능,33.539190,126.643706,2
중앙공용주차장,50130,B0,B001,N,N,,06,24시간 이용가능,33.249979,126.562136,2
해변공연장,50110,A0,A004,Y,N,,06,24시간 이용가능,33.518375,126.523779,1
효돈축구공원,50130,J0,J007,Y,N,,06,24시간 이용가능,33.25937413,126.61057793,2
제주교도소 민원인주차장,50110,G0,G004,Y,N,,06,24시간 이용가능,33.4627872,126.515054,1
동화초등학교 공영주차장,50110,B0,B001,Y,N,,06,24시간 이용가능,33.5179387,126.576723,1
제주연구원,50110,J0,J002,Y,N,,06,24시간 이용가능,33.4676183,126.514693,2
더럭초등학교주차장,50110,B0,B004,Y,N,,06,24시간 이용가능,33.452799,126.345172,1
제주전파관리소,50110,A0,A003,Y,N,,06,평일 09:00~18:00,33.4047788,126.372698,1
연동대림2차아파트,50110,H0,H001,Y,N,,06,24시간 이용가능,33.47907543,126.48956311,1
노형e-편한세상,50110,H0,H001,Y,N,,06,24시간 이용가능,33.48463086,126.467973,1
함덕광명샤인빌,50110,H0,H001,Y,N,,06,24시간 이용가능,33.538023,126.677073,1
하귀휴먼시아1단지아파트,50110,H0,H001,Y,N,,06,24시간 이용가능,33.4840067,126.4164477,1
노형뜨란채아파트,50110,H0,H001,Y,N,,06,24시간 이용가능,33.487982,126.4706243,2
화북동공영주차장,50110,B0,B001,Y,N,,06,24시간 이용가능,33.5199554,126.5735082,2
옹포리사무소,50110,G0,G004,Y,N,,06,24시간 이용가능,33.4034078,126.2553962,1
한림금능농공단지(제주맥주),50110,G0,G004,Y,N,,06,24시간 이용가능,33.3582846,126.2411858,1
한경체육관,50110,A0,A004,Y,N,,06,24시간 이용가능,33.3011526,126.1845393,1
하귀문화의집,50110,A0,A004,Y,N,,06,24시간 이용가능,33.47963015,126.40331894,1
조천도서관,50110,I0,I005,Y,N,,06,24시간 이용가능,33.53769415,126.667639,3
에코촌 유스호스텔,50110,G0,G004,Y,N,,06,24시간 이용가능,33.5168867,126.7037204,1
중앙병원,50110,I0,I001,Y,N,,06,24시간 이용가능,33.49122705,126.46979762,2
그루터기,50110,G0,G004,Y,N,,06,24시간 이용가능,33.53302043,126.60013206,1
우도면 조일리사무소,50110,G0,G004,Y,N,,06,24시간 이용가능,33.5098063,126.9629057,1
제주장애인스포츠센터,50110,J0,J007,Y,N,,06,24시간 이용가능,33.48652631,126.4368259,2
대한적십자 제주혈액원,50110,A0,A003,Y,N,,06,24시간 이용가능,33.4912004,126.520229,1
한라도서관,50110,I0,I005,Y,N,,06,24시간 이용가능,33.47621593,126.516175,2
영평하동 마을회관,50110,G0,G004,Y,N,,06,24시간 이용가능,33.4863137,126.5738883,1
중엄리사무소,50110,G0,G004,Y,N,,06,24시간 이용가능,33.4727098,126.372614,1
한길정보통신학교,50110,G0,G004,Y,N,,06,24시간 이용가능,33.4083898,126.3860311,1
부면동정류장 뒤 마을시설,50110,G0,G004,Y,N,,06,24시간 이용가능,33.41639691,126.3325313,1
납읍리보건소,50110,I0,I003,Y,N,,06,24시간 이용가능,33.43872311,126.33012631,1
고성2리경로당,50110,G0,G004,Y,N,,06,24시간 이용가능,33.4356323,126.4252454,1
한원리노인복지관,50110,G0,G004,Y,N,,06,24시간 이용가능,33.33851703,126.1959637,1
한라병원,50110,I0,I001,N,N,,06,24시간 이용가능,33.4896681,126.4849521005,1
시민복지타운 공영주차장,50110,B0,B001,Y,N,,06,24시간 이용가능,33.4888961,126.5259043,2
한국교통방송 제주본부,50110,G0,G004,Y,N,,06,24시간 이용가능,33.47842377,126.5499966,2
금악리새마을회,50110,G0,G004,Y,N,,06,24시간 이용가능,33.36007468,126.2947019,1
구좌농공단지(제주이야기),50110,G0,G004,Y,N,,06,24시간 이용가능,33.5532597,126.8168887,1
동복ESH주택,50110,H0,H002,Y,N,,06,24시간 이용가능,33.54812678,126.7064619,1
모로왓제2공영주차장,50110,B0,B001,N,N,,06,24시간 이용가능,33.5117328,126.5442340,7
모로왓제2공영주차장,50110,B0,B001,N,N,,04,24시간 이용가능,33.5117328,126.5442340,7
모로왓제2공영주차장,50110,B0,B001,N,N,,01,24시간 이용가능,33.5117328,126.5442340,7
아라동공영주차장,50110,B0,B001,Y,N,,06,24시간 이용가능,33.47830396,126.55289179,1
종남공영주차장,50110,B0,B001,N,N,,06,24시간 이용가능,33.48412232,126.47133648,1
탐라장애인종합복지관,50110,I0,I006,Y,N,,06,24시간 이용가능,33.501412004,126.5251149,1
외도동생활문화센터,50110,A0,A004,Y,N,,06,24시간 이용가능,33.48851573,126.43347610,1
한화꿈에그린아파트,50110,H0,H001,Y,N,,06,24시간 이용가능,33.4799138,126.4838837,1
일도대림1차아파트,50110,H0,H001,Y,N,,06,24시간 이용가능,33.5009473,126.550594,1
노형부영3차아파트,50110,H0,H001,Y,N,,06,24시간 이용가능,33.4768804,126.4863699,1
이도빌리지,50110,H0,H001,Y,N,,06,24시간 이용가능,33.4498012,126.5535836,1
대흘1리마을회관 맞은편 주차장,50110,G0,G004,Y,N,,06,24시간 이용가능,33.49847347,126.65481077,1
대흘2리마을회관,50110,G0,G004,Y,N,,06,24시간 이용가능,33.51400328,126.75278304,1
신산동경로당,50110,G0,G004,Y,N,,06,24시간 이용가능,33.55257433,126.75278304,1
용담1동노인복지회관,50110,I0,I006,Y,N,,06,24시간 이용가능,33.51139003,126.51463128,1
우주전파센터,50110,A0,A003,Y,N,,06,24시간 이용가능,33.42704154,126.29687307,1
춘강장애인근로센터,50110,G0,G004,Y,N,,06,24시간 이용가능,33.45197135,126.55289661,1
아라119안전센터,50110,A0,A003,Y,N,,06,24시간 이용가능,33.46804310,126.56576191,1
누리터,50110,G0,G004,Y,N,,06,24시간 이용가능,33.42599041,126.40248193,2
우당도서관,50110,I0,I005,Y,N,,06,24시간 이용가능,33.51485073,126.54822589,2
느지리오름주차장,50110,D0,D001,Y,N,,06,24시간 이용가능,33.36282075,126.26035142,1
심인요양원,50110,G0,G004,Y,Y,시설 상황에 따라 이용이 제한될 수 있음,06,24시간 이용가능,33.47109423,126.47449774,1
금악건강증진센터,50110,I0,I003,Y,N,,06,24시간 이용가능,33.35653792,126.29664550,1
용운동복지회관,50110,G0,G004,Y,N,,06,24시간 이용가능,33.43578576,126.27228752,1
세화리사무소,50110,G0,G004,Y,N,,06,24시간 이용가능,33.52699196,126.85603216,1
와흘리사무소,50110,G0,G004,Y,N,,06,24시간 이용가능,33.50469403,126.63498641,1
조수1리다목적회관,50110,G0,G004,Y,N,,06,24시간 이용가능,33.33739036,126.22871062,1
제주청소년수련원,50110,I0,I007,Y,N,,06,24시간 이용가능,33.37754588,126.23613655,2
한림읍주민자치센터 옆 공영주차장,50110,B0,B001,Y,N,,06,24시간 이용가능,33.41283392,126.26256700,1
오봉리복지회관,50110,G0,G004,Y,N,,06,24시간 이용가능,33.51662780,126.95158978,1
장전마을회관,50110,G0,G004,Y,N,,06,24시간 이용가능,33.45061268,126.38910679,1
하귀1리공영주차장,50110,B0,B001,Y,N,,06,24시간 이용가능,33.48588154,126.41440718,2
삼다수숲길 주차장,50110,G0,G004,Y,N,,06,24시간 이용가능,33.42740026,126.67403846,1
한경면종합복지회관,50110,G0,G004,Y,N,,06,09:00~18:00,33.30047583,126.18370794,2
애월읍사무소,50110,A0,A001,Y,N,,06,24시간 이용가능,33.46214973,126.32918450,3
정존공영주차장,50110,B0,B001,N,N,,06,24시간 이용가능,33.485476,126.474753,6
웅전공영주차장,50110,B0,B001,N,N,,06,24시간 이용가능,33.482514,126.471878,4
수덕공영주차장,50110,B0,B001,N,N,,06,24시간 이용가능,33.483614,126.474302,2
도련공영주차장,50110,B0,B001,N,N,,06,24시간 이용가능,33.507674,126.588111,2
이도2동공영주차장,50110,B0,B001,N,N,,06,24시간 이용가능,33.496343,126.536988,1
인제공영주차장,50110,B0,B001,Y,N,,06,24시간 이용가능,33.5048166,126.5419257,2
우성아파트 1단지,50110,H0,H001,Y,N,,06,24시간 이용가능,33.5020582,126.5487189,1
탑동제1공영주차장,50110,B0,B001,Y,N,,06,24시간 이용가능,33.517269269,126.52417379,1
성내 공영주차장,50110,B0,B001,N,N,,06,24시간 이용가능,33.512142478,126.52003969,1
제주순복음사회복지관,50110,A0,A003,Y,N,,06,24시간 이용가능,33.5083233,126.5459115,1
제주화물자동차공영차고지,50110,G0,G004,Y,N,,06,24시간 이용가능,33.497810002,126.58000461,2
화북공업단지남측공영주차장,50110,B0,B001,Y,N,,06,24시간 이용가능,33.511892020,126.56092385,1
동명아파트북측공영주차장,50110,B0,B001,Y,N,,06,24시간 이용가능,33.522102135,126.58453762,1
삼양해수욕장 인근공영주차장,50110,B0,B001,Y,N,,06,24시간 이용가능,33.524773919,126.58685786,2
삼부장미아파트남측공영주차장,50110,B0,B001,Y,N,,06,24시간 이용가능,33.526871690,126.59050718,1
신흥리공영주차장,50110,B0,B001,Y,N,,06,24시간 이용가능,33.548065074,126.65031897,1
지미봉주차장,50110,G0,G004,Y,N,,06,24시간 이용가능,33.497413775,126.90552629,2
우도면서광리사무소,50110,A0,A002,Y,N,,06,24시간 이용가능,33.508177622,126.94911047,1
고산동산공영주차장,50110,B0,B001,Y,N,,06,24시간 이용가능,33.495664267,126.53141566,1
이도이동노외공영주차장,50110,B0,B001,Y,N,,06,24시간 이용가능,33.490438484,126.54281737,1
이도2지구공영주차장,50110,B0,B001,Y,N,,06,24시간 이용가능,33.491642896,126.53785143,1
도로관리과,50110,A0,A001,Y,N,,06,24시간 이용가능,33.485141988,126.50051700,1
신제주공영주차장,50110,B0,B001,Y,N,,06,24시간 이용가능,33.489052730,126.49149252,2
노형2지구 공영주차장,50110,B0,B001,Y,N,,06,24시간 이용가능,33.480332005,126.47758006,1
출입국관리사무소,50110,A0,A001,Y,N,,06,24시간 이용가능,33.513743772,126.50331538,1
도두공영주차장,50110,B0,B001,Y,N,,06,24시간 이용가능,33.504248204,126.46393872,1
외도구획정리지구공영주차장,50110,B0,B001,Y,N,,06,24시간 이용가능,33.491752167,126.43223576,2
귀덕1리사무소,50110,A0,A002,Y,N,,06,24시간 이용가능,33.436392861,126.29804441,2
관음사,50110,I0,I002,Y,N,,06,24시간 이용가능,33.426168848,126.55785246,2
한림오일시장 주차장,50110,G0,G004,Y,N,,06,24시간 이용가능,33.419678675,126.27532469,2
협재리사무소,50110,A0,A002,Y,N,,06,24시간 이용가능,33.397374363,126.24607497,2
도남공영주차장,50110,B0,B001,N,N,,06,24시간 이용가능,33.490434625,126.52009718,5
KCC스위첸 동측 공영주차장,50110,B0,B001,N,N,,06,24시간 이용가능,33.473678527,126.54477337,3
주정공장 옛터 역사기념관,50110,A0,A004,Y,N,,06,24시간 이용가능,33.518056971,126.53504322,1
충신교회남측공영주차장,50110,B0,B001,N,N,,06,24시간 이용가능,33.478020325,126.48928408,3
천주교동문성당,50110,G0,G004,Y,N,,06,24시간 이용가능,33.510473507,126.53116645,1
항몽유적지 주차장,50110,D0,D009,Y,N,,06,24시간 이용가능,33.452433009,126.40882388,1
제주자연생태공원,50130,A0,A004,Y,N,,06,24시간 이용가능,33.4405578,126.822102,1
서부소방서 안덕 119센터,50130,A0,A003,Y,N,,06,24시간 이용가능,33.2511264,126.330902,1
표선 공영주차장,50130,B0,B001,N,N,,06,24시간 이용가능,33.3262784,126.8306774,1
중문보건지소,50130,I0,I003,Y,N,,06,24시간 이용가능,33.25141866,126.4347654,1
정혜재활원,50130,I0,I006,Y,N,,06,24시간 이용가능,33.28473,126.580989,1
월평마을회관(다목적건물),50130,G0,G004,Y,N,,06,24시간 이용가능,33.246113,126.4607802,2
안덕면종합복지회관,50130,I0,I006,Y,N,,06,24시간 이용가능,33.24589523,126.33309258,1
서귀포시 일터나눔 자활센터,50130,G0,G004,Y,N,,06,24시간 이용가능,33.2417507,126.5294316,1
온평리사무소,50130,G0,G004,Y,N,,06,24시간 이용가능,33.40813315,126.9001592,1
서귀동 공영주차장,50130,B0,B001,Y,N,,06,24시간 이용가능,33.2428684,126.5665833,1
서귀포시 중앙교회,50130,I0,I002,Y,N,,06,24시간 이용가능,33.27303357,126.568836001,2
보성리사무소,50130,G0,G004,Y,N,,06,24시간 이용가능,33.25120087,126.273094303,2
대정농공단지,50130,G0,G004,Y,N,,06,24시간 이용가능,33.2575209,126.2288954,1
무릉1리 다목적회관,50130,G0,G004,Y,N,,06,24시간 이용가능,33.27100109,126.200884,1
신도보건진료소,50130,I0,I003,Y,N,,06,24시간 이용가능,33.277487,126.174261,1
위미3리사무소,50130,G0,G003,Y,N,,06,24시간 이용가능,33.2755692,126.6879246,1
위미2리사무소,50130,G0,G004,Y,N,,06,24시간 이용가능,33.2753795,126.6686096,1
수망리다목적회관,50130,G0,G004,Y,N,,06,24시간 이용가능,33.3284689,126.713685,1
의귀교회 인근 공영주차장,50130,I0,I002,Y,N,,06,24시간 이용가능,33.311752,126.713374,2
위미2리 다목적회관,50130,G0,G004,Y,N,,06,24시간 이용가능,33.2831345,126.66145504,1
머체왓숲길영농조합,50130,G0,G004,Y,N,,06,24시간 이용가능,33.3305167,126.6739136,1
서귀포시장애인회관,50130,I0,I006,Y,N,,06,24시간 이용가능,33.23976828,126.5645589,1
동홍4주공아파트,50130,H0,H001,Y,N,,06,24시간 이용가능,33.2490406,126.572562,1
동홍1주공아파트,50130,H0,H001,Y,N,,06,24시간 이용가능,33.2523182,126.5726158,1
모슬포운진항,50130,A0,A001,Y,N,,06,24시간 이용가능,33.21102199,126.25694914,2
감사위원회,50130,A0,A001,Y,N,,06,24시간 이용가능,33.25551475,126.50919623,2
오조리종합복지회관,50130,G0,G004,Y,N,,06,24시간 이용가능,33.46122686,126.91522790,1
토평동마을회관,50130,G0,G004,Y,N,,06,24시간 이용가능,33.27109995,126.59021961,1
덕수리마을회관,50130,G0,G004,Y,N,,06,24시간 이용가능,33.25464328,126.30649330,1
성읍민속마을주차장,50130,D0,D003,Y,N,,06,24시간 이용가능,33.38452705,126.80128067,2
토산1리체험장,50130,G0,G004,Y,N,,06,24시간 이용가능,33.33424212,126.77106866,1
난산보건진료소,50130,I0,I003,Y,N,,06,24시간 이용가능,33.40093954,126.87210071,1
성읍보건진료소,50130,I0,I003,Y,N,,06,24시간 이용가능,33.39046000,126.80197321,1
수산보건진료소,50130,I0,I003,Y,N,,06,24시간 이용가능,33.44602761,126.88271738,1
삼달보건진료소,50130,I0,I003,Y,N,,06,24시간 이용가능,33.37426663,126.84676396,1
신산리마을회관,50130,G0,G004,Y,N,,06,24시간 이용가능,33.38017892,126.87554356,1
신풍보건진료소,50130,I0,I003,Y,N,,06,24시간 이용가능,33.36121113,126.83885084,1
한남보건진료소,50130,I0,I003,Y,N,,06,24시간 이용가능,33.31164452,126.69755870,1
의귀보건진료소,50130,I0,I003,Y,N,,06,24시간 이용가능,33.30972012,126.71477045,1
신흥보건진료소,50130,I0,I003,Y,N,,06,24시간 이용가능,33.31984284,126.74790626,1
송악도서관 입구주차장,50130,G0,G004,Y,N,,06,24시간 이용가능,33.22643813,126.24792665,1
서광서리복지회관,50130,G0,G004,Y,N,,06,24시간 이용가능,33.28457219,126.30188761,1
표선도서관,50130,I0,I005,Y,N,,06,24시간 이용가능,33.32377507,126.83849598,2
일과1리복지회관,50130,G0,G004,Y,N,,06,24시간 이용가능,33.23467109,126.23970658,1
사계포구공영주차장,50130,B0,B001,Y,N,,06,24시간 이용가능,33.22825383,126.30526947,1
대포동경로당,50130,G0,G004,Y,N,,06,24시간 이용가능,33.24242640,126.43296143,1
광치기해변공영주차장,50130,B0,B001,Y,N,,06,24시간 이용가능,33.45533224,126.92551477,2
서귀포공립요양원,50130,G0,G004,Y,N,,06,24시간 이용가능,33.28294771,126.71537488,2
제주국제컨벤션센터,50130,G0,G004,Y,N,,01,24시간 이용가능,33.24162957,126.42548295,11
제주국제컨벤션센터,50130,G0,G004,Y,N,,04,24시간 이용가능,33.24162957,126.42548295,11
제주국제컨벤션센터,50130,G0,G004,Y,N,,06,24시간 이용가능,33.24162957,126.42548295,11
효돈동 공영주차장,50130,B0,B001,N,N,,06,24시간 이용가능,33.262647,126.5419257,1
태봉그린피아,50130,H0,H001,Y,N,,06,24시간 이용가능,33.260710723,126.55586532,1
대진유토피아,50130,H0,H001,Y,N,,06,24시간 이용가능,33.2607107,126.5558653,1
성산공설묘지,50130,G0,G004,Y,N,,06,24시간 이용가능,33.435205430,126.81785088,2
성읍문화마을 주차장,50130,B0,B001,Y,N,,06,24시간 이용가능,33.394150416,126.79816942,1
태흥3리 마을회관,50130,A0,A002,Y,N,,06,24시간 이용가능,33.293724819,126.75867081,1
남원 공영노외1주차장,50130,B0,B001,Y,N,,06,24시간 이용가능,33.280057437,126.71834184,3
신례리공영주차장,50130,B0,B001,Y,N,,06,24시간 이용가능,33.288251229,126.62751979,2
생태관광지원센터,50130,G0,G004,Y,N,,06,24시간 이용가능,33.282131620,126.62119811,1
상효1동 마을회관,50130,B0,B001,Y,N,,06,24시간 이용가능,33.273162176,126.59687224,1
동홍공영노외2주차장,50130,B0,B001,Y,N,,06,24시간 이용가능,33.251816118,126.56949599,1
동홍공영노외1주차장,50130,B0,B001,Y,N,,06,24시간 이용가능,33.256161825,126.56843833,2
구억리마을회관,50130,A0,A002,Y,N,,06,24시간 이용가능,33.274304554,126.28013183,1
돔베낭골노외공영주차장,50130,D0,D007,Y,N,,06,24시간 이용가능,33.239982760,126.53185937,1
국토교통인재개발원 인근 공영주차장,50130,B0,B001,Y,N,,06,24시간 이용가능,33.252102946,126.51569297,2
서귀포시선거관리위원회,50130,A0,A001,Y,N,,06,24시간 이용가능,33.255189210,126.50770059,1
서귀포향토오일시장,50130,G0,G004,Y,N,,06,24시간 이용가능,33.266705297,126.57322001,2
제주한란전시관,50130,D0,D002,Y,N,,06,24시간 이용가능,33.296944630,126.58989246,1
약천사,50130,I0,I002,Y,N,,06,24시간 이용가능,33.245946049,126.44859793,2
천제연폭포 주차장,50130,D0,D007,Y,N,,06,24시간 이용가능,33.253206548,126.41877850,1
상예1동 다목적회관,50130,G0,G004,Y,N,,06,24시간 이용가능,33.253546239,126.38943579,1
서귀포시 충혼묘지 주차장,50130,A0,A004,Y,N,,06,24시간 이용가능,33.308102068,126.56745633,3
한림종합운동정 버스회차지,50110,A0,A004,Y,N,,04,24시간 이용가능,33.409296392,126.26924584,2
문예회관,50110,A0,A004,Y,N,,06,24시간 이용가능,33.50598221,126.53494563,2
제주웰컴센터,50110,A0,A003,Y,N,,06,24시간 이용가능,33.486072,126.499477,1
한림공원,50110,D0,D001,Y,N,,06,09:00~19:00,33.390211,126.237492,1
제주시교육지원청,,A0,A003,Y,Y,내방객 전용,06,09:00~18:00,33.493875,126.538678,1
세븐일레븐 애월신엄점,50110,E0,E001,Y,N,,05,24시간 이용가능,33.4702001,126.363731,1
981 파크,50110,D0,D007,Y,N,,06,24시간 이용가능,33.390639,126.366526,1
수목원테마파크,50110,D0,D007,Y,N,,06,24시간 이용가능,33.470303,126.487291,1
셀스퀘어빌딩,50110,G0,G004,Y,N,,05,24시간 이용가능,33.515967,126.590578,1
세븐일레븐 제주한림일주점,50110,E0,E001,Y,N,,05,24시간 이용가능,33.401780,126.267204,1
메종글래드제주,,E0,E003,Y,N,,04,24시간 이용가능,33.485194,126.488614,2
밭담공원,50110,D0,D007,Y,N,,05,24시간 이용가능,33.563694,126.778807,1
투썸플레이스 제주노형DT점,50110,E0,E005,Y,N,,05,24시간 이용가능,33.491293,126.474100,1
베아투스엠,50110,H0,H001,Y,Y,거주자외 출입제한,05,입주민 전용 24시간,33.473226,126.564836,2
베아투스엠,50110,H0,H001,Y,Y,거주자외 출인제한,06,입주민 전용 24시간,33.473226,126.564836,2
외도1차부영아파트,50110,H0,H001,Y,N,,05,24시간 이용가능,33.487495,126.432710,1
서프라이즈 테마파크,50110,D0,D007,Y,N,,05,24시간 이용가능,33.465189,126.659603,1
신흥노을바다펜션,50110,E0,E003,Y,N,,05,24시간 이용가능,33.511675,126.484244,1
워시존 연북로점,50110,G0,G004,Y,N,,05,24시간 이용가능,33.495440,126.553001,1
올더타임 중앙여고점,50110,E0,E005,N,N,,05,24시간,33.491287,126.537459,1
에이바우트커피 삼화점,50110,E0,E005,Y,N,,05,24시간 이용가능,33.515557,126.572828,1
브릭캠퍼스,50110,D0,D007,Y,N,,05,24시간 이용가능,33.458189,126.485550,2
관광대학교,50110,J0,J001,Y,N,,05,24시간 이용가능,33.449860,126.435233,1
메가웨이브,50110,F0,F002,Y,N,,05,24시간 이용가능,33.506582,126.555406,1
에이바우트커피 봉개점,50110,E0,E005,Y,N,,05,24시간 이용가능,33.489543,126.595931,1
에이바우트커피 화북남문점,50110,E0,E005,Y,N,,05,24시간 이용가능,33.518969,126.563545,1
에이바우트커피 구남점,50110,E0,E005,Y,N,,05,24시간 이용가능,33.485076,126.535689,1
에이바우트커피 첨단점,50110,E0,E005,Y,N,,05,24시간 이용가능,33.452315,126.571585,1
소노벨제주,50110,E0,E003,Y,N,,05,24시간 이용가능,33.540159,126.671848,2
아띠랑스호텔,50130,E0,E003,Y,N,,05,24시간 이용가능,33.477654,126.909321,1
JJP골프클럽,50130,E0,E004,Y,N,,05,24시간 이용가능,33.259640,126.429571,1
성산바다,50130,E0,E006,Y,N,,05,24시간 이용가능,33.229505,126.308359,1
트로피컬하이드어웨이  브런치 카페,50130,E0,E005,Y,N,,06,24시간 이용가능,33.209317,126.291213,1
에이바우트스타디움점,50110,E0,E005,Y,N,,06,24시간 이용가능,33.504763,126.563458,2
투썸플레이스 제주한라대점,50110,E0,E005,Y,N,,06,24시간 이용가능,33.479748,126.473974,1
플레이스캠프,50130,E0,E005,Y,N,,05,24시간 이용가능,33.449736,126.918077,2
폴바셋 제주아라DT점,50110,E0,E005,Y,N,,06,24시간 이용가능,33.487350,126.541088,1
베케 카페,50130,E0,E005,Y,N,,05,24시간 이용가능,33.261500,126.604151,1
함덕 서우봉 공영주차장,50110,B0,B001,Y,N,,06,24시간 이용가능,33.54376,126.67595,2
제주담스파빌,50110,E0,E003,Y,Y,직원 및 방문자 전용,05,24시간 이용가능,33.38562,126.22520,1
퍼스트렌트카,50110,H0,H003,Y,Y,사업장 거주자외 출입제한,04,24시간 이용가능,33.5022814,126.4862579,5
퍼스트렌트카,50110,H0,H003,Y,Y,사업장 거주자외 출입제한,05,24시간 이용가능,33.5022814,126.4862579,5
제주 애월버스회차지,50110,B0,B001,Y,N,,04,24시간 이용가능,33.46648,126.3952,6
제주다움렌트카,50110,B0,B004,Y,Y,내부직원용,04,24시간 이용가능,33.518339636,126.49590938,4
셀플러스 워시큐브,50110,G0,G004,Y,N,,06,24시간 이용가능,33.420008385,126.26899387,1
피커스카페,50110,E0,E005,Y,N,,04,24시간 이용가능,33.473881718,126.52877054,2
카페띠아모 제주대점,50110,E0,E005,Y,N,,04,24시간 이용가능,33.460361809,126.56165332,2
오릭인제주,50110,E0,E003,Y,N,,06,24시간 이용가능,33.554975189,126.82456633,1
블루보틀 제주카페,50110,E0,E005,Y,N,,04,24시간 이용가능,33.433278777,126.75085436,2
제민신협 아라지점,50110,I0,I008,Y,N,,04,24시간 이용가능,33.477761658,126.54354197,2
제주대학교병원 고객주차장1,50110,I0,I001,Y,N,,04,24시간 이용가능,33.4682,126.54437,8
영평가시나물카페,50110,E0,E005,Y,N,,06,24시간 이용가능,33.481871977,126.55995382,1
나이스호텔,50110,E0,E003,Y,N,,06,24시간 이용가능,33.482955618,126.44243932,1
다비치안경 제주아라점,50110,G0,G004,Y,N,,06,24시간 이용가능,33.467587596,126.54849332,1
영동빌딩,50110,E0,E005,Y,N,,04,24시간 이용가능,33.495000752,126.55130806,1
애월농협 중엄지점,50110,I0,I008,Y,N,,04,24시간 이용가능,33.471504005,126.36996807,2
뉴월드마트 이도센트럴점,50110,E0,E001,Y,N,,04,24시간 이용가능,33.490737330,126.53699,2
마트로 연동점,50110,E0,E001,Y,N,,04,24시간 이용가능,33.493370596,126.48229532,2
뉴월드마트 화북점,50110,E0,E001,Y,N,,04,24시간 이용가능,33.519419784,126.56976649,2
애월농협 하나로마트,50110,E0,E001,Y,N,,04,24시간 이용가능,33.460432014,126.32190581,3
제주원렌트카,50110,G0,G004,Y,Y,사업자용 충전기 외부인 사용제한,04,24시간 이용가능,33.511764211,126.50247621,2
해비치호텔앤드리조트,50130,E0,E003,Y,N,,06,24시간 이용가능,33.3222341,126.844117,5
해비치호텔앤드리조트,50130,E0,E003,Y,N,,05,24시간 이용가능,33.3222341,126.844117,5
신라호텔제주,50130,E0,E003,Y,N,,06,24시간 이용가능,33.2486939,126.4072788,7
신라호텔제주,50130,E0,E003,Y,N,,05,24시간 이용가능,33.2486939,126.4072788,7
중문덤장,50130,E0,E006,Y,N,,05,24시간 이용가능,33.25755342,126.40795975,1
홈플러스 서귀포점,50130,E0,E001,Y,N,,06,24시간 이용가능,33.26075079,126.55972054,2
소인국테마파크,50130,D0,D007,Y,N,,06,24시간 이용가능,33.289506,126.322123,2
세계자동차제주박물관,50130,D0,D008,Y,N,,05,24시간 이용가능,33.282381,126.349967,1
젠하이드어웨이,50130,E0,E005,Y,N,,05,24시간 이용가능,33.229234,126.308616,1
세븐일레븐 산방산로드점,50130,E0,E001,Y,N,,05,24시간 이용가능,33.2376445,126.307106,1
세븐일레븐 서귀포 온평점,50130,E0,E001,Y,N,,05,24시간 이용가능,33.4132020,126.908995,1
대발이파크,50130,D0,D007,Y,N,,06,24시간 이용가능,33.274891,126.705892,1
서귀포농협 하나로마트,50130,E0,E001,Y,N,,05,24시간 이용가능,33.257385,126.580040,1
산방산 탄산온천,50130,G0,G004,Y,N,,05,24시간 이용가능,33.249009,126.298772,2
휴애리,50130,D0,D007,Y,N,,05,24시간 이용가능,33.309346,126.633773,2
성읍녹차마을 영농조합법인,50130,B0,B004,Y,N,,05,09:00~18:00,33.380963,126.791160,2
제주참숯가마찜질방,50130,G0,G004,Y,N,,05,24시간 이용가능,33.368994,126.863334,1
대정농협 하나로마트,50130,E0,E001,Y,N,,05,24시간 이용가능,33.233977,126.264182,3
코델리아S호텔,50130,E0,E003,Y,N,,05,24시간 이용가능,33.454945,126.910276,2
서귀포KAL호텔,50130,E0,E003,Y,N,,05,24시간 이용가능,33.246527,126.581755,1
허니문하우스,50130,E0,E003,Y,N,,05,24시간 이용가능,33.244157,126.578728,1
보롬왓,50130,D0,D007,Y,N,,05,24시간 이용가능,33.413219,126.752133,2
제주월드컵경기장,50130,B0,B001,Y,N,,04,24시간 이용가능,33.2462194,126.5092753,15
제주월드컵경기장,50130,B0,B001,Y,N,,05,24시간 이용가능,33.2462194,126.5092753,15
제주월드컵경기장,50130,B0,B001,Y,N,,01,24시간 이용가능,33.2462194,126.5092753,15
제주월드컵경기장,50130,B0,B001,Y,N,,06,24시간 이용가능,33.2462194,126.5092753,15
베스트 프렌즈 스크린,50130,H0,H003,Y,N,,05,24시간 이용가능,33.252067428,126.53780023,2
블랙야크마을,50130,E0,E003,Y,N,,05,24시간 이용가능,33.269644806,126.41664236,2
상남아크로타워,50130,B0,B004,N,N,,06,24시간 이용가능,33.280620,126.278874,6
풀빌라더시크릿 애월점,50110,G0,G004,Y,N,,05,24시간 이용가능,33.462768,126.339369,1
에코랜드,50110,G0,G004,Y,N,,05,24시간 이용가능,33.455370,126.668863,4
오로라정원,50110,G0,G004,Y,N,,05,24시간 이용가능,33.359551,126.248343,1
대륜EV충전소,50110,B0,B004,Y,N,,05,24시간 이용가능,33.4863863,126.575026,5
상명EV충전소2,50110,B0,B004,Y,N,,05,24시간 이용가능,33.3596544,126.242139,2
정인빌리지,50130,B0,B004,Y,N,,05,24시간 이용가능,33.3053735,126.337249,2
대륜EV충전소2,50110,B0,B004,Y,N,,05,24시간 이용가능,33.4372065,126.370431,4
빌리브노형,50110,H0,H001,Y,Y,거주자외 출입제한,06,입주민 전용 24시간,33.488517,126.482039,1
토스카나호텔,50130,E0,E003,Y,N,,06,24시간 이용가능,33.265540,126.483871,1
성산LH아파트,50130,H0,H001,Y,Y,거주자외 출입제한,06,입주민 전용 24시간,33.450431,126.909830,1
김만일기념관,50130,J0,J005,Y,N,,06,24시간 이용가능,33.336141,126.690663,2
상명EV충전소3,50110,B0,B004,Y,N,,05,24시간 이용가능,33.500011,126.457456,7
상명EV충전소4,50110,B0,B004,Y,N,,05,24시간 이용가능,33.501866,126.480612,10
롯데시네마 삼화지구,50110,B0,B004,Y,N,,05,24시간 이용가능,33.520365941,126.58812399,1
테라팰리스,50130,H0,H001,Y,N,거주자외 출입제한,06,24시간 이용가능,33.2479036,126.5568807,1
제주지방해양경찰청,50110,A0,A001,Y,N,,06,24시간 이용가능,33.486368,126.540977,1
오드씽,50110,E0,E005,Y,N,,06,24시간 이용가능,33.462187,126.52652,1
제주펜션오다,50110,E0,E003,Y,N,,06,24시간 이용가능,33.51799502,126.48772575,1
제주스누피가든,50110,D0,D008,Y,N,내방 고객 전용,06,09:00~18:00,33.444116,126.778,1
로그인렌트카1,50110,G0,G004,Y,Y,사업장 거주자외 출입제한,04,24시간 이용가능,33.5026881,126.4865317,3
로그인렌트카2,50110,G0,G004,Y,Y,사업장 거주자외 출입제한,04,24시간 이용가능,33.5026881,126.4865317,2
제주어류양식수협,50110,G0,G004,Y,N,,04,24시간 이용가능,33.4924641,126.5097923,2
무지개 렌터카,50110,H0,H003,Y,Y,사업장 거주자 외 사용제한,04,24시간 이용가능,33.49625,126.48260,4
용두암렌트카,50110,H0,H003,Y,Y,사업장 거주자 외 사용제한,04,24시간 이용가능,33.510867,126.50251,2
제주유명렌터카,50110,H0,H003,Y,Y,사업장 거주자 외 사용제한,04,24시간 이용가능,33.4997672,126.4800178,8
엠버퓨어힐호텔,50110,E0,E003,Y,N,,06,24시간 이용가능,33.425736414,126.48700797,1
엠버리조트,50110,E0,E003,Y,N,,06,24시간 이용가능,33.423528430,126.48845808,1
신화월드 메리어트관 전기차충전소,50130,E0,E003,Y,N,,05,24시간 이용가능,33.3083,126.3193,2
신화월드 랜딩관 전기차충전소,50130,E0,E003,Y,N,,05,24시간 이용가능,33.3045,126.3180,2
신화월드 서머셋 클럽하우스 전기차충전소,50130,D0,D007,Y,N,,05,24시간 이용가능,33.3031,126.3176,2
하나은행 제주금융센터,50110,I0,I008,Y,N,,06,"주중 08:00~19:00, 주말 09:00~18:00",33.5128886,126.524374,1
드림타워 전기차충전소 지하3층 A/B구역,50110,E0,E003,N,N,,06,24시간 이용가능,33.4853,126.4815,1
드림타워 전기차충전소 지하3층 E구역,50110,E0,E003,N,N,,06,24시간 이용가능,33.4853,126.4815,1
드림타워 전기차충전소 지하4층 A/B구역,50110,E0,E003,N,N,,06,24시간 이용가능,33.4853,126.4815,1
드림타워 전기차충전소 지하4층 E구역,50110,E0,E003,N,N,,06,24시간 이용가능,33.4853,126.4815,1
생물종다양성연구소,50130,A0,A003,Y,N,,06,24시간 이용가능,33.315498,126.634256,7
생물종다양성연구소,50130,A0,A003,Y,N,,01,24시간 이용가능,33.315498,126.634256,7
생물종다양성연구소,50130,A0,A003,Y,N,,04,24시간 이용가능,33.315498,126.634256,7
씨유 표선남촌점,50130,E0,E001,Y,N,,06,24시간 이용가능,33.3167374,126.8287683,1
씨유 서귀태흥점,50130,E0,E001,N,N,,06,24시간 이용가능,33.2929187,126.7575020,1
씨유 교래점,50110,E0,E001,N,N,,06,24시간 이용가능,33.4362609,126.6791129,1
뜰애오피스텔,50110,G0,G005,Y,Y,공동시설 거주자외 출입제한,04,09:00~18:00,33.5041598,126.5260978,1
훈데르트바서파크,50110,A0,A003,Y,N,,04,24시간 이용가능,33.49241,126.95483,1
서귀포지사,50130,A0,A003,Y,N,,06,주중/주말 : 06시~23시,33.254374,126.510819,3
제주전력지사,50110,A0,A003,Y,N,,06,주중/주말 : 06시~23시,33.498596,126.536653,1
제주직할,50110,A0,A003,Y,N,,06,주중/주말 : 06시~23시,33.48929,126.501216,2
스마트그리드 홍보관,50110,E0,E001,Y,N,,06,주중/주말 : 24시간,33.55709901,126.8131196,4
종합경기장,50110,J0,J007,Y,N,,06,주중/주말 : 24시간,33.4955320993,126.5173239443,5
서부소방서,50110,A0,A004,Y,N,,06,주중/주말 : 24시간,33.402687,126.270434,2
제주 삼양 유적지,50110,D0,D007,Y,N,,06,주중/주말 : 24시간,33.523906,126.588170,2
제주의료원,50110,I0,I001,Y,N,,06,주중/주말 : 24시간,33.445522,126.560081,2
한림체육관,50110,A0,A003,Y,N,,06,주중/주말 : 24시간,33.409203,126.268436,2
한경119센터,50110,A0,A004,Y,N,,06,주중/주말 : 24시간,33.342896,126.182928,1
남원생활체육관,50130,A0,A003,Y,N,,06,주중/주말 : 24시간,33.278181,126.704406,3
난산리 다목적회관,50130,A0,A004,Y,N,,06,주중/주말 : 24시간,33.401291,126.870952,1
서귀포의료원,50130,I0,I001,Y,N,,06,주중/주말 : 24시간,33.25623,126.564014,1
수산1리 복지회관,50130,A0,A004,Y,N,,06,주중/주말 : 24시간,33.446088,126.883146,1
정방폭포,50130,D0,D007,Y,N,,06,주중/주말 : 24시간,33.245004,126.573164,1
개인택시조합,50110,H0,H003,Y,N,,06,주중/주말 : 24시간,33.482757,126.471945,2
행복날개 주유소,50110,E0,E007,Y,N,,06,주중/주말 : 24시간,33.505297,126.497593,2
LH제주본부,50110,A0,A003,Y,N,,06,주중/주말 : 24시간,33.504328,126.523778,1
국립제주박물관,50110,D0,D008,Y,N,,06,주중/주말 : 07시~19시,33.514248,126.54897,3
국립제주박물관,50110,D0,D008,Y,N,,04,주중/주말 : 07시~19시,33.514248,126.54897,3
김창열미술관,50110,D0,D002,Y,N,,06,주중/주말 : 24시간,33.339346,126.268699,2
도두동 주민센터,50110,A0,A003,Y,N,,06,주중/주말 : 24시간,33.50311,126.468194,1
동부농업기술센타,50110,A0,A004,Y,N,,06,주중/주말 : 24시간,33.550276,126.750427,3
동부농업기술센타,50110,A0,A004,Y,Y,시설 상황에 따라 이용이 제한될 수 있음,06,주중/주말 : 24시간,33.550276,126.750427,3
베스트힐 주차장(조천읍),50110,B0,B004,Y,N,,06,주중/주말 : 24시간,33.456637,126.656834,1
부민장례식장,50110,G0,G004,Y,Y,시설 상황에 따라 이용이 제한될 수 있음,06,주중/주말 : 24시간,33.480499,126.521874,2
서부경찰서,50110,A0,A004,Y,N,,06,주중/주말 : 24시간,33.473854,126.406239,2
송당리사무소,50110,A0,A004,Y,N,,06,주중/주말 : 24시간,33.471628,126.77915,1
애월119센터,50110,A0,A004,Y,N,,06,주중/주말 : 24시간,33.466829,126.348878,2
유리의성,50110,D0,D002,Y,N,,06,주중/주말 : 24시간,33.31507,126.273427,3
유리의성,50110,D0,D002,Y,N,,04,주중/주말 : 24시간,33.31507,126.273427,3
유수암,50110,A0,A004,Y,N,,06,주중/주말 : 24시간,33.423829,126.407974,2
유수암,50110,A0,A004,Y,N,,04,주중/주말 : 24시간,33.423829,126.407974,2
제주 동부보건소,50110,A0,A003,Y,N,,06,주중/주말 : 24시간,33.554663,126.751331,2
조천119센터,50110,A0,A004,Y,N,,06,주중/주말 : 24시간,33.541344,126.64686,1
한라산국립공원 관음사탐방안내소,50110,D0,D006,Y,N,,06,주중/주말 : 24시간,33.422222,126.55028,1
한라산국립공원 어리목탐방안내소,50110,D0,D006,Y,N,,06,주중/주말 : 24시간,33.392437,126.494598,2
해양경비안전센터 고산출장소,50110,A0,A004,Y,N,,06,주중/주말 : 24시간,33.308393,126.164154,1
가시리 조랑말체험공원,50130,D0,D002,Y,N,,06,주중/주말 : 24시간,33.376661,126.744774,1
강창학경기장,50130,J0,J007,Y,N,,06,주중/주말 : 24시간,33.259867,126.50178,3
남원 의례회관 주차장,50130,B0,B004,Y,N,,06,주중/주말 : 24시간,33.294428,126.711368,2
대천동주민센터,50130,A0,A003,Y,N,,06,주중/주말 : 24시간,33.251056,126.477564,1
동부소방서,50130,A0,A004,Y,N,,06,주중/주말 : 24시간,33.460444,126.910027,2
서귀포해양경비안전서,50130,A0,A004,Y,N,,06,주중/주말 : 24시간,33.251271,126.513811,2
성산하수처리장,50130,A0,A004,Y,N,,06,주중/주말 : 24시간,33.452052,126.918956,1
안덕119센터,50130,A0,A004,Y,Y,시설 상황에 따라 이용이 제한될 수 있음,06,주중/주말 : 24시간,33.268306,126.260725,2
안덕계곡 주차장,50130,B0,B004,Y,N,,06,주중/주말 : 24시간,33.257836,126.353287,2
안덕생활체육관,50130,A0,A003,Y,N,,06,주중/주말 : 24시간,33.256075,126.328364,2
영실매표소,50130,D0,D006,Y,N,,06,주중/주말 : 24시간,33.370049,126.555628,1
영어교육도시119센터,50130,A0,A004,Y,N,,06,주중/주말 : 24시간,33.282212,126.272676,2
예래동주민센터,50130,A0,A003,Y,N,,06,주중/주말 : 24시간,33.254524,126.397962,1
용머리해안,50130,D0,D007,Y,N,,06,주중/주말 : 24시간,33.2339822,126.311100,2
제주국제평화센터,50130,A0,A004,Y,N,,06,주중/주말 : 24시간,33.244668,126.421889,2
청소년 문화의 집,50130,A0,A004,Y,N,,06,주중/주말 : 24시간,33.249783,126.337094,1
화순리 종합복지관,50130,A0,A004,Y,N,,06,주중/주말 : 24시간,33.242815,126.336263,1
서부농업기술센터,50110,A0,A004,Y,N,,06,주중/주말 : 24시간,33.35376181622,126.2486856747,2
제주KCTV,50110,H0,H003,Y,N,,06,주중/주말 : 24시간,33.48129145977,126.4962611504,2
건입현대 아파트,50110,H0,H001,Y,Y,입주자외 출입제한 (긴급상황 이용가능),06,24시간,33.5167338146,126.5352158506,1
노형지구중흥S클래스 아파트,50110,H0,H001,Y,Y,시설 상황에 따라 이용이 제한될 수 있음,06,24시간,33.4850645569,126.467560591,1
도남1차e-편한세상,50110,H0,H001,Y,Y,입주자외 출입제한 (긴급상황 이용가능),06,24시간,33.4957918247,126.521992769,1
미듬아뜨리에 아파트,50110,H0,H001,Y,Y,시설 상황에 따라 이용이 제한될 수 있음,06,24시간,33.5051203004,126.522617355,1
아라아이파크,50110,H0,H001,Y,Y,입주자외 출입제한 (긴급상황 이용가능),06,24시간,33.4775731335,126.5501258128,1
에덴빌리지2차,50110,H0,H001,Y,Y,시설 상황에 따라 이용이 제한될 수 있음,06,24시간,33.531402925,126.665493889,1
연동한일시티,50110,H0,H001,Y,Y,입주자외 출입제한 (긴급상황 이용가능),06,24시간,33.4916011444,126.4885507847,1
일도2차신천지,50110,H0,H001,Y,Y,시설 상황에 따라 이용이 제한될 수 있음,06,24시간,33.5061181955,126.5463276109,1
정원파인즈 10차,50110,H0,H001,Y,Y,입주자외 출입제한 (긴급상황 이용가능),06,24시간,33.4882539724,126.5284428725,1
제일일출연립주택,50110,H0,H001,Y,Y,시설 상황에 따라 이용이 제한될 수 있음,06,24시간,33.4645030247,126.4498468089,1
제주고성LH 아파트,50110,H0,H001,Y,Y,입주자외 출입제한 (긴급상황 이용가능),06,24시간,33.4656792324,126.4107262071,1
제주도련LH 아파트,50110,H0,H001,Y,Y,시설 상황에 따라 이용이 제한될 수 있음,06,24시간,33.5078683156,126.5889939606,1
제주부영1차 아파트,50110,H0,H001,Y,Y,시설 상황에 따라 이용이 제한될 수 있음,06,24시간,33.4804125611,126.4855437573,1
제주삼화1단지LH 아파트,50110,H0,H001,Y,Y,시설 상황에 따라 이용이 제한될 수 있음,06,24시간,33.5165343052,126.57611418,1
제주삼화3단지LH 아파트,50110,H0,H001,Y,Y,시설 상황에 따라 이용이 제한될 수 있음,06,24시간,33.5139135518,126.5849528339,1
제주아라LH 아파트,50110,H0,H001,Y,Y,입주자외 출입제한 (긴급상황 이용가능),06,24시간,33.4730004682,126.5472189152,1
제주아라스위첸 아파트,50110,H0,H001,Y,Y,시설 상황에 따라 이용이 제한될 수 있음,06,24시간,33.4741031741,126.5420793123,1
제주외도아름마을LH 아파트,50110,H0,H001,Y,Y,시설 상황에 따라 이용이 제한될 수 있음,06,24시간,33.4842268587,126.4284656823,1
제주으뜸마을LH 아파트,50110,H0,H001,Y,Y,입주자외 출입제한 (긴급상황 이용가능),06,24시간,33.4786092797,126.481194937,1
제주하귀2단지LH 아파트,50110,H0,H001,Y,Y,시설 상황에 따라 이용이 제한될 수 있음,06,24시간,33.481204156,126.4152001842,1
제주하귀휴먼시아1단지,50110,H0,H001,Y,Y,시설 상황에 따라 이용이 제한될 수 있음,06,24시간,33.4837387829,126.4165947874,1
제주한림LH 아파트,50110,H0,H001,Y,Y,시설 상황에 따라 이용이 제한될 수 있음,06,24시간,33.4189327387,126.2659160878,1
제주화북3LH 아파트,50110,H0,H001,Y,Y,입주자외 출입제한 (긴급상황 이용가능),06,24시간,33.5196101176,126.5770464067,1
해오름 아파트,50110,H0,H001,Y,Y,시설 상황에 따라 이용이 제한될 수 있음,06,24시간,33.4808592043,126.4862813441,1
현대3노형부영5차 아파트,50110,H0,H001,Y,Y,시설 상황에 따라 이용이 제한될 수 있음,06,24시간,33.4782233159,126.4837664354,1
현대3차 아파트,50110,H0,H001,Y,Y,입주자외 출입제한 (긴급상황 이용가능),06,24시간,33.5107085782,126.51020081,1
현일 아파트,50110,H0,H001,Y,Y,시설 상황에 따라 이용이 제한될 수 있음,06,24시간,33.5085794357,126.5190510205,1
혜성대유 아파트,50110,H0,H001,Y,Y,시설 상황에 따라 이용이 제한될 수 있음,06,24시간,33.5058543277,126.5451795801,1
화북1 아파트,50110,H0,H001,Y,Y,시설 상황에 따라 이용이 제한될 수 있음,06,24시간,33.5207151004,126.5753575234,1
강정상록 아파트,50130,H0,H001,Y,Y,시설 상황에 따라 이용이 제한될 수 있음,06,24시간,33.2549079336,126.5047563113,1
서귀포남원LH 아파트,50130,H0,H001,Y,Y,시설 상황에 따라 이용이 제한될 수 있음,06,24시간,33.2814331934,126.7212017647,1
서귀포대정LH 아파트,50130,H0,H001,Y,Y,시설 상황에 따라 이용이 제한될 수 있음,06,24시간,33.2277267644,126.2523011609,1
서귀포동홍3LH 아파트,50130,H0,H001,Y,Y,시설 상황에 따라 이용이 제한될 수 있음,06,24시간,33.2498336605,126.5739081148,1
제주서귀포동홍6단지LH 아파트,50130,H0,H001,Y,Y,시설 상황에 따라 이용이 제한될 수 있음,06,24시간,33.2624503701,126.5597317392,1
대유대림 아파트,50110,H0,H001,Y,Y,입주자외 출입제한 (긴급상황 이용가능),06,,33.5031405702,126.5516207861,1
제주이도한일베라체 아파트,50110,H0,H001,Y,Y,시설 상황에 따라 이용이 제한될 수 있음,06,,33.4931959471,126.5481339396,1
서귀포혁신LH1단지,50130,H0,H001,Y,Y,시설 상황에 따라 이용이 제한될 수 있음,06,,33.2495864197,126.5236551947,1
서귀포혁신LH2단지,50130,H0,H001,Y,Y,시설 상황에 따라 이용이 제한될 수 있음,06,,33.2480065029,126.5198351187,1
화북4 아파트,50110,H0,H001,Y,Y,시설 상황에 따라 이용이 제한될 수 있음,06,,33.5180018705,126.5739456587,1
화북주공2 아파트,50110,H0,H001,Y,Y,시설 상황에 따라 이용이 제한될 수 있음,06,24시간 이용가능,33.520960914,126.57750484,1
제주공항,50110,A0,A003,Y,N,,06,24시간,33.50475714141,126.4933755391,10
연동대림1차아파트,50110,H0,H001,Y,Y,시설 상황에 따라 이용이 제한될 수 있음,06,,33.4802367175,126.489241601,1
영산홍주택,50110,H0,H001,Y,Y,입주자외 출입제한 (긴급상황 이용가능),06,,33.49622195317,126.5403595033,1
제주 교육대학교,50110,J0,J001,N,N,,06,24시간 이용가능,33.51428066141,126.5526229747,2
제주도교육청,50110,A0,A002,N,N,,06,24시간 이용가능,33.49055762983,126.4979399158,2
제주권역재활센터,50130,A0,A003,N,N,,06,24시간 이용가능,33.2527601186,126.562287667,2
표선 해양경비단,50130,A0,A003,Y,N,,06,24시간 이용가능,33.3571391845,126.822873934,1
화북2동 공영주차장,50110,B0,B001,Y,N,,06,24시간 이용가능,33.5090443749,126.560729976,1
삼양2동 공영주차장,50110,B0,B001,N,N,,06,24시간 이용가능,33.51991173388,126.5825044407,1
베라체 공영주차장,50110,B0,B001,N,N,,06,24시간 이용가능,33.49303993443,126.5454123036,1
서귀포시교육지원청,50130,A0,A003,Y,N,,06,24시간 이용가능,33.2707208649,126.5894687678,2
새마을금고제주연수원,50110,I0,I008,Y,N,,06,24시간 이용가능,33.4128894052,126.3944119145,2
농어촌공사 제주지역본부,50110,A0,A003,Y,N,,06,24시간 이용가능,33.522576499,126.5872451683,1
제주경찰교육센터,50110,A0,A004,Y,N,,06,24시간 이용가능,33.441131689,126.5656366447,1
제주탐라교육원,50110,A0,A004,Y,N,,06,24시간 이용가능,33.425586879,126.5287647828,1
김영갑갤러리,50130,D0,D002,Y,N,,06,24시간 이용가능,33.3722237691,126.8544308620,2
마라도 가는 여객선,50130,G0,G004,Y,N,,06,24시간 이용가능,33.20759477206,126.29036085466,1
서커스월드공연장,50130,J0,J004,Y,N,,06,24시간 이용가능,33.3143640037,126.3445961342,2
아트리움공연장,50110,J0,J004,Y,N,,06,24시간 이용가능,33.465096794,126.45527326304,2
제주수산연구소,50110,A0,A004,Y,N,,06,24시간 이용가능,33.493773,126.429014,1
생각하는정원,50110,D0,D002,Y,N,,06,24시간 이용가능,33.3253363555,126.254986942,2
토이파크,50130,D0,D001,Y,N,,06,24시간 이용가능,33.3189031004,126.3453568540,2
건강과 성박물관,50130,D0,D008,Y,N,,06,24시간 이용가능,33.254885318,126.34643562926,3
제주대학교,50110,J0,J001,Y,N,,06,24시간 이용가능,33.45700693118,126.56405001879,2
제주해안경비안전서,50110,A0,A004,Y,N,,06,24시간 이용가능,33.519952,126.540272,2
저지리사무소,50110,A0,A002,Y,N,,04,24시간 이용가능,33.332626666166,126.2558563208,2
삼성혈,50110,D0,D007,Y,N,,06,09:00~18:00,33.504301255016,126.5288722282,2
도로교통공단 제주지부,50110,A0,A003,Y,N,,04,09:00~18:00,33.475045802598,126.4647777929,2
한경농협 하나로마트,50110,E0,E001,Y,N,,06,09:00~18:00,33.346648094494,126.1902545792,2
방주교회,50130,G0,G004,Y,N,,06,09:00~18:00,33.305126247955,126.3872926861,2
서귀포개인택시조합,50130,G0,G004,Y,N,,06,09:00~18:00,33.269436634703,126.5928839551,3
서귀포개인택시조합,50130,G0,G004,Y,N,,04,09:00~18:00,33.269436634703,126.5928839551,3
번개과학체험관,50130,G0,G004,Y,N,,06,09:00~18:00,33.289522911,126.58861293,2
서귀포향토오일장,50130,G0,G004,Y,N,,04,09:00~18:00,33.267163849331,126.5730313532,2
물영아리주차장,50130,B0,B004,Y,N,,04,09:00~18:00,33.360748074,126.69244792,2
강정생명평화교회,50130,G0,G004,Y,N,,04,24시간 이용가능,33.237641665498,126.4955331949,2
구좌119센터,50110,G0,G004,Y,N,,06,09:00~18:00,33.520195589247,126.8600973025,2
구좌119센터,50110,G0,G004,Y,Y,시설 상황에 따라 이용이 제한될 수 있음,06,09:00~18:00,33.520195589247,126.8600973025,2
제주산학융합원,50110,J0,J006,Y,N,,04,09:00~18:00,33.447323611661,126.5674903857,3
제주산학융합원,50110,J0,J006,Y,N,,06,09:00~18:00,33.447323611661,126.5674903857,3
제주전력지사(공용),50110,A0,A003,Y,N,,06,24시간 이용가능,33.498309029142,126.5366980242,2
대정읍사무소,50130,A0,A002,Y,N,,06,09:00~18:00,33.226675317991,126.2522736332,4
국제대학교 버스차고지,50110,F0,F001,Y,N,,04,24시간 이용가능,33.438792817,126.57065265,4
용흥리사무소,50110,A0,A002,Y,N,,04,24시간 이용가능,33.45877990,126.36942077,2
이도2동 공영주차장,50110,B0,B001,Y,N,,04,24시간 이용가능,33.496778926,126.53498676,2
동물위생시험소(동물보호센터),50110,G0,G004,Y,N,,04,09:00~18:00,33.455900045,126.58907958,1
신성로 공영주차장,50110,B0,B001,Y,N,,04,24시간 이용가능,33.495973626,126.52974373,10
공항입구 공영주차장,50110,B0,B001,N,N,,04,09:00~18:00,33.503511179,126.49570468,5
종달리 종합복지회관,50110,A0,A004,Y,N,,04,24시간 이용가능,33.492752954,126.90043210,2
한라산렌트카,50110,F0,F001,Y,N,,04,"주중 08:00~19:00, 주말 09:00~18:00",33.495752643,126.47076004,3
한수풀도서관,50110,I0,I005,Y,N,,04,24시간 이용가능,33.420298417,126.26854891,2
노형 제2공영주차장,50110,B0,B001,Y,N,,04,24시간 이용가능,33.487309133,126.47978247,4
웅전공영주차장,50110,B0,B001,Y,N,,04,24시간 이용가능,33.482619508,126.47200193,4
제주특별자치도 복지이음마루,50110,A0,A004,Y,N,,04,09:00~18:00,33.492719118,126.50295263,1
제주시민속오일시장 3주차장,50110,B0,B004,Y,N,,04,24시간 이용가능,33.496506886,126.47693229,4
제주아트센터,50110,A0,A004,Y,N,,04,09:00~18:00,33.477121493,126.51545991,5
천지공영주차장,50130,B0,B001,Y,N,,04,24시간 이용가능,33.251527820,126.55928914,2
표선공영주차장,50130,B0,B001,Y,N,,04,24시간 이용가능,35.326354251,126.83175666,3
고스트타운,50110,G0,G004,Y,N,,04,09:00~18:00,33.475834969,126.35656199,5
동광리버스차고지,50130,F0,F001,Y,N,,04,24시간 이용가능,33.310584214,126.34030718,2
남원공영주차장,50130,B0,B001,Y,N,,04,24시간 이용가능,33.279172809,126.72112468,1
농업기술원,50130,A0,A004,Y,N,,04,09:00~18:00,33.261217509,126.48908885,2
SK렌터카 제주지점,50110,G0,G004,Y,Y,SK렌터카 외 출입제한,04,24시간 이용가능,33.5038733,126.5010715,10
제주교도소,50110,G0,G004,Y,N,,04,24시간 이용가능,33.4628,126.5147,3
테크노파크 용암해수센터,50110,D0,D007,Y,N,,04,24시간 이용가능,33.5411,126.8162,1
제주해녀박물관,50110,D0,D008,Y,N,,04,24시간 이용가능,33.5232,126.8627,4
제주소년원,50110,J0,J002,Y,N,,04,24시간 이용가능,33.4084,126.3861,2
제주국가생약지원관리센터,50130,A0,A003,Y,N,,04,24시간 이용가능,33.3056,126.5704,4
에코라운지,50130,E0,E005,Y,N,,04,24시간 이용가능,33.2649,126.3886,3
레드캡투어 제주 차고지,50110,H0,H003,Y,N,시설 상황에 따라 이용이 제한될 수 있음,04,24시간 이용가능,33.503202261,126.49399393,1
풀빌라더시크릿_대정점,50130,E0,E003,Y,N,,05,24시간 이용가능,33.24617,126.2074,3
상남아크로타워,50130,G0,G005,Y,N,,05,24시간 이용가능,33.2811,126.2784,6
풀빌라더시크릿_애월점,50110,E0,E003,Y,N,,05,24시간 이용가능,33.4626,126.3393,4
뽀로로앤타요 테마파크,50130,D0,D007,Y,N,,05,24시간 이용가능,33.2968,126.3723,3
정인빌리지,50130,H0,H002,Y,N,,05,24시간 이용가능,33.3055,126.337,2
애월포세이돈,50110,E0,E003,Y,N,,05,24시간 이용가능,33.4689,126.3485,2
닥마루식당,50110,E0,E006,Y,N,,05,24시간 이용가능,33.3346,126.2564,1
이루다펜션,50130,E0,E003,Y,N,,05,24시간 이용가능,33.2668,126.2956,3
몬트마레,50130,E0,E003,Y,N,,05,24시간 이용가능,33.2372,126.3078,2
푸르다오션펜션,50110,E0,E003,Y,N,,05,24시간 이용가능,33.3793,126.2165,2
라온제나,50130,E0,E003,Y,N,,05,24시간 이용가능,33.2424,126.3049,2
제주어른이집,50110,D0,D007,Y,N,,05,24시간 이용가능,33.5525,126.744,1
네오마루,50110,H0,H003,Y,N,,05,24시간 이용가능,33.4726,126.4851,1
유드림마트_오라점,50110,E0,E001,Y,N,,05,24시간 이용가능,33.4923,126.513,1
아라_태홍파우누스,50110,H0,H001,Y,N,,05,24시간 이용가능,33.4502,126.5539,1
태윤탁구클럽,50110,D0,D007,Y,N,,05,24시간 이용가능,33.49705,126.556,1
도두_골든빌리지,50110,H0,H002,Y,N,,05,24시간 이용가능,33.5026,126.465,1
롯데시네마삼화지구,50110,E0,E008,Y,N,,05,24시간 이용가능,33.5202,126.5876,3
플레이롤러,50130,D0,D007,Y,N,,05,24시간 이용가능,33.2616,126.5252,2
류차이,50130,E0,E006,Y,N,,05,24시간 이용가능,33.2495,126.4315,2
하원마을쉼터,50130,A0,A004,Y,N,,05,24시간 이용가능,33.3028,126.4637,2
제주어향원,50130,E0,E006,Y,N,,05,24시간 이용가능,33.2778,126.7216,1
일품순두부 봉개점,50110,E0,E006,Y,N,,05,24시간 이용가능,33.49304,126.5885,2
풀빌라소랑,50110,E0,E003,Y,N,,05,24시간 이용가능,33.4925,126.6717,3
덕천리연수원,50110,G0,G004,Y,N,,05,24시간 이용가능,33.4821,126.7553,2
에코랜드,50110,D0,D007,Y,N,,05,24시간 이용가능,33.4555,126.6681,4
탐라신들의고향,50110,D0,D007,Y,N,,05,24시간 이용가능,33.4628,126.7088,1
메이즈랜드,50110,D0,D007,Y,N,,05,24시간 이용가능,33.49006,126.7997,5
오후5시 두가지착각조차도 카페,50110,E0,E005,Y,N,,05,24시간 이용가능,33.5521,126.6485,1
돌창고충전소,50110,G0,G004,Y,N,,05,24시간 이용가능,33.3371,126.2334,3
대륜EV2,50110,G0,G004,Y,N,,05,24시간 이용가능,33.4372,126.3707,2
상명EV2,50110,G0,G004,Y,N,,05,24시간 이용가능,33.3595,126.2422,2
상명EV3,50110,G0,G004,Y,N,,05,24시간 이용가능,33.5001,126.4573,6
상명EV4,50110,G0,G004,Y,N,,05,24시간 이용가능,33.5018,126.4806,5
블랙야크리조트,50130,E0,E003,Y,N,,05,24시간 이용가능,33.2686,126.4159,2
브런치더썸,50130,E0,E006,Y,N,,05,24시간 이용가능,33.2521,126.5379,2
대륜EV5,50110,G0,G004,Y,N,,05,24시간 이용가능,33.4878,126.5739,5
더포그레이스리조트,50130,E0,E003,N,Y,숙박 시설 이용자로 제한,06,24시간 이용가능,33.473235,126.910942,2
제주시 연동나인몰,50110,E0,E002,Y,N,,06,24시간 이용가능,33.480695078,126.49465009,1
제주시 에코랜드호텔,50110,E0,E003,Y,N,,04,24시간 이용가능,33.4532655,126.6725624,1
삼화석유(주) 만남의광장주유소,50110,E0,E007,Y,N,,05,06:00~24:00,33.467742,126.457261,4
삼화석유(주) 늘푸른충전소,50110,E0,E007,Y,N,,05,06:00~24:00,33.500335,126.511242,2
삼화석유(주) 한동주유소,50110,E0,E007,Y,N,,05,06:00~24:00,33.540699,126.822070,2
삼화석유(주) 법환주유소,50130,E0,E007,Y,N,,05,06:00~24:00,33.248153,126.512598,2
삼화석유(주) 서귀주유소,50130,E0,E007,Y,N,,05,06:00~24:00,33.248467,126.569218,2
삼화석유(주)에이스주유소,50130,E0,E007,Y,N,,05,06:00~24:00,33.255105,126.578896,2
이마트 제주점(야외1층주차장),50110,E0,E001,Y,N,,05,24시간 이용가능,33.518335,126.520577,16
이마트 신제주점 (지상5층주차장),50110,E0,E001,N,N,,05,10:00~23:00,33.484708,126.48088,16
기아오토큐 외도점,50110,F0,F001,Y,N,,05,24시간 이용가능,33.492493,126.424064,1
CU 제주사리탑교차로점,50110,E0,E001,Y,N,,05,24시간 이용가능,33.527824,126.633175,1
CU 제주동부관광점,50110,E0,E001,Y,N,,05,24시간 이용가능,33.534621,126.642957,1
CU제주대박점,50110,E0,E001,Y,N,,05,24시간 이용가능,33.483298,126.403092,1
CU조천사거리점,50110,E0,E001,Y,N,,05,24시간 이용가능,33.537689,126.640201,1
제주 TP,50110,H0,H003,Y,N,,05,24시간 이용가능,33.451383,126.571588,2
BGF 제주한북로점(CU),50110,E0,E001,Y,N,,05,24시간 이용가능,33.462966,126.533709,1
제주킹스토아,50110,E0,E001,Y,N,,05,24시간 이용가능,33.5135,126.535551,1
기아오토큐 제주아라영평점,50110,F0,F001,Y,N,,05,24시간 이용가능,33.471438,126.569891,1
제주아리랑렌트카(입주사 전용),50110,H0,H003,Y,Y,이용자 외 출입제한,04,24시간 이용가능,33.5149567,126.5020669,4
기아자동차 동제주지점,50110,F0,F001,Y,N,,04,24시간 이용가능,33.5134059,126.5429386,1
기아자동차 한라대리점,50110,F0,F001,Y,N,,04,24시간 이용가능,33.4930562,126.5115904,1
현대자동차 제주하귀대리점,50110,F0,F001,Y,N,,04,24시간 이용가능,33.4873974,126.4153593,1
제주 보고타렌트카(입주사 전용),50110,H0,H003,Y,Y,이용자 외 출입제한,04,24시간 이용가능,33.4941162,126.4851347,2
제주렌트카,50110,G0,G004,Y,Y,임직원 외 출입제한,04,24시간 이용가능,33.515635009,126.49090003,4
제주타요렌트카(입주사 전용),50110,G0,G004,Y,N,임직원 외 출입제한,04,24시간 이용가능,33.4939311,126.4648609,4
화신교통(운수사 전용),50110,G0,G004,Y,Y,임직원 외 출입제한,04,24시간 이용가능,33.4970722,126.4726051,4
한라렌트카(운수사 전용),50110,G0,G004,Y,Y,운수사 전용,04,24시간 이용가능,33.502698,126.4939076,4
제주에코렌트카(입주사 전용),50110,G0,G004,Y,Y,입주사 전용,04,24시간 이용가능,33.5049943,126.4971837,4
남해어업관리단,50110,A0,A003,N,N,,06,24시간 이용가능,33.5194042,126.5388814,2
대림교통,50110,H0,H003,Y,N,,04,24시간 이용가능,33.51336171,126.56720790,2
남양교통,50110,H0,H003,Y,N,,04,24시간 이용가능,33.495711843,126.46209572,2
매일렌트카,50110,H0,H003,Y,N,,04,24시간 이용가능,33.51748960,126.4984537,2
동방운수,50110,H0,H003,Y,N,,04,24시간 이용가능,33.51426085,126.5602034,2
제주공항렌트카,50110,H0,H003,N,N,,04,24시간 이용가능,33.50187211,126.4895200,4
제주공항전기차,50110,H0,H003,N,N,,04,24시간 이용가능,33.50187211,126.4895200,4
제주동백렌트카,50110,H0,H003,N,N,,04,24시간 이용가능,33.50187211,126.48952009,4
이마트 서귀포점(지상2층주차장),50130,E0,E001,Y,N,,05,10:00~23:00,33.248109,126.507434,16
기아오토큐 신안자동차,50130,F0,F001,Y,N,,05,24시간 이용가능,33.291678,126.582799,1
CU 제주중문자청비점,50130,E0,E001,Y,N,,05,24시간 이용가능,33.262577,126.426901,1
기아오토큐 중부점,50130,F0,F001,Y,N,,05,24시간 이용가능,33.262745,126.536781,1
CU서귀동광로점,50130,E0,E001,Y,N,,05,24시간 이용가능,33.317867,126.345664,1
BGF 서귀강정이어도로점(CU),50130,E0,E001,Y,N,,05,24시간 이용가능,33.236743,126.499828,1
제주글램핑(스타빌),50130,G0,G002,Y,Y,야영 시설 이용자로 제한,06,24시간 이용가능,33.33682,126.3952,1
서귀포택시,50130,H0,H003,Y,N,,04,24시간 이용가능,33.29137621,126.5806928,2
제주여행,50110,E0,E005,Y,N,,05,24시간 이용가능,33.4937415,126.4317064,1
아길라 호텔,50110,E0,E003,Y,N,,05,24시간 이용가능,33.3998511,126.2497162,1
흑돼지 샤브왕,50110,E0,E006,Y,N,,05,24시간 이용가능,33.394339666,126.25708567,1
행원교회,50110,I0,I002,Y,N,,05,24시간 이용가능,33.551698488,126.80065565,1
카페이피엘,50130,E0,E005,N,N,,06,24시간 이용가능,33.275208,126.6570063,1
제주 방림원,50110,E0,E006,N,N,,06,24시간 이용가능,33.3369377,126.2675195,1
한옥민박 제주,50110,E0,E003,Y,N,,05,24시간 이용가능,33.5471821,126.6931167,1
제주올레돔,50130,E0,E003,Y,N,,05,24시간 이용가능,33.398345396,126.89896843,1
서귀포시산림조합,50130,A0,A004,N,N,,05,24시간 이용가능,33.2606345,126.5129522,1
대정맑은해수사우나,50130,G0,G004,Y,N,,05,24시간 이용가능,33.2197128,126.2485691,1
