lng,lat
126.266,33.422
126.275,33.422
126.273,33.422
126.251,33.403
126.313,33.465
126.337,33.466
126.443,33.430
126.420,33.465
126.837,33.530
126.855,33.524
126.798,33.552
126.749,33.554
126.854,33.347
126.659,33.533
126.645,33.551
126.199,33.349
126.224,33.324
126.964,33.512
126.951,33.516
126.950,33.494
126.956,33.504
126.960,33.501
126.956,33.515
126.956,33.502
126.957,33.515
126.544,33.500
126.540,33.506
126.529,33.489
126.517,33.516
126.516,33.516
126.531,33.516
126.564,33.511
126.560,33.499
126.560,33.520
126.571,33.516
126.588,33.514
126.593,33.526
126.616,33.503
126.586,33.490
126.531,33.475
126.522,33.477
126.510,33.469
126.502,33.469
126.501,33.457
126.492,33.493
126.493,33.494
126.482,33.490
126.487,33.475
126.487,33.469
126.475,33.493
126.463,33.495
126.452,33.494
126.454,33.493
126.907,33.415
126.838,33.409
126.905,33.474
126.872,33.473
126.839,33.414
126.679,33.331
126.825,33.373
126.335,33.241
126.583,33.262
126.492,33.249
126.551,33.295
126.743,33.312
126.697,33.302
126.743,33.304
126.523,33.247
126.510,33.275
126.610,33.244
126.393,33.265
126.565,33.245
126.605,33.262
126.845,33.522
126.846,33.522
126.847,33.522
126.848,33.522
126.845,33.522
126.846,33.522
126.847,33.522
126.848,33.522
126.845,33.523
126.846,33.523
126.847,33.523
126.848,33.523
126.317,33.945
126.318,33.945
126.319,33.945
126.328,33.945
126.329,33.945
126.328,33.946
126.329,33.946
126.554,33.492
126.555,33.492
126.556,33.492
126.554,33.492
126.555,33.492
126.556,33.492
126.554,33.493
126.555,33.493
126.556,33.493
126.554,33.494
126.555,33.494
126.556,33.494
